Time,Temperature [AmbientT(Therm3T)],Temperature [Temperature],Heat flow [Signal],Heat [Signal],Normalized heat flow [Signal],Normalized heat [Signal],Time markers
0.0,24.4739805448949,20.000570056233,NaN,NaN,NaN,NaN,Reaction start
34.3989565372467,24.4723862153217,20.0003133797371,0.0004112641833707,0.0023764753766005,0.0001028160458427,0.0005941188441501,NaN
53.3989565372467,24.4893107654443,20.0002727841158,0.0038205431285422,0.0362537291058136,0.0009551357821355,0.0090634322764534,NaN
76.5239565372467,24.4837253615344,20.0001376269448,0.0118927789808078,0.212937978850049,0.0029731947452019,0.0532344947125123,NaN
106.398956537247,24.5092305294268,20.0002607279251,0.0238276194020756,0.747583865252338,0.0059569048505189,0.186895966313085,NaN
135.398956537247,24.4525323726759,20.0000023472093,0.0338123529759858,1.58854656439216,0.0084530882439964,0.39713664109804,NaN
166.898956537247,24.4775678657953,20.0002447526011,0.0421896457879231,2.79193036641363,0.0105474114469808,0.697982591603407,NaN
199.061065912247,24.4675988211908,20.0001345660587,0.0484500181015859,4.25504153462423,0.0121125045253965,1.06376038365606,NaN
234.648956537247,24.4701580152808,20.000132177294,0.0532989592819638,6.07110326445678,0.013324739820491,1.51777581611419,NaN
274.898956537247,24.4852189526229,20.000162137022,0.0568626077868258,8.29380493211257,0.0142156519467064,2.07345123302814,NaN
322.648956537247,24.5381171300545,19.9998953165628,0.0592863806472929,11.0731074401223,0.0148215951618232,2.76827686003056,NaN
378.023956537247,24.525936919188,19.9999752553326,0.0605769581562058,14.3974431544471,0.0151442395390514,3.59936078861176,NaN
441.023956537247,24.5512462950234,20.0004959107555,0.0609641672843245,18.2302152886077,0.0152410418210811,4.55755382215193,NaN
496.898956537247,24.5829078485209,20.0001923769595,0.0607211646005606,21.6322890266633,0.0151802911501402,5.40807225666584,NaN
548.459503412247,24.6348452456901,20.0000641833138,0.0599101296529655,24.7450765403185,0.0149775324132414,6.18626913507962,NaN
605.586456537247,24.5783079889982,20.0001218814379,0.0581541880199436,28.1218106379463,0.0145385470049859,7.03045265948658,NaN
665.023956537247,24.6072451809056,20.0001879020941,0.0554679201532086,31.502140336879,0.0138669800383021,7.87553508421975,NaN
734.086456537247,24.5868331098304,20.0003058130434,0.0516495779582008,35.2040054196639,0.0129123944895502,8.80100135491598,NaN
824.992706537247,24.5560968779924,20.0000241217201,0.0461867858258186,39.6518826771889,0.0115466964564547,9.91297066929723,NaN
897.711456537247,24.516434178016,19.9999738158597,0.0418584069850677,42.8526147342926,0.0104646017462669,10.7131536835732,NaN
967.523956537247,24.5442683883983,19.9998191192049,0.037912787710508,45.6356596907344,0.009478196927627,11.4089149226836,NaN
1048.08645653725,24.5449120640964,20.000009989273,0.0337122780462929,48.5181710537153,0.0084280695115732,12.1295427634288,NaN
1146.39895653725,24.5250000493104,19.9997910337991,0.0291460877319625,51.6029793739276,0.0072865219329906,12.9007448434819,NaN
1223.53958153725,24.5424068283004,19.9998537324269,0.0259887478209948,53.7272316697667,0.0064971869552486,13.4318079174417,NaN
1309.91458153725,24.5218109982915,19.9998609242663,0.0228700716170179,55.8342758342437,0.0057175179042544,13.9585689585609,NaN
1385.63333153725,24.5416784501265,19.9994735908915,0.0204682456705952,57.4728965119432,0.0051170614176487,14.3682241279858,NaN
1483.02395653725,24.523045066388,19.9997817293664,0.0177867911902865,59.3325418348718,0.0044466977975716,14.833135458718,NaN
1574.96926903725,24.5258984289987,20.0000655683431,0.0156270173212854,60.8660150235672,0.0039067543303213,15.2165037558918,NaN
1666.11770653725,24.6429074941092,19.9994255189809,0.0137920237248223,62.2046800638058,0.0034480059312055,15.5511700159515,NaN
1771.77395653725,24.5607118142598,19.9998322167565,0.0119911500449076,63.5639901722607,0.0029977875112268,15.8909975430652,NaN
1866.87063622475,24.5523485921918,19.9998506568616,0.0106242111072058,64.6375616423636,0.0026560527768014,16.1593904105909,NaN
1985.14895653725,24.5581873477435,19.9998712348233,0.0092031823511414,65.8074226122692,0.0023007955877853,16.4518556530673,NaN
2114.03176903725,24.5470463579834,19.9997622954418,0.007942355573938,66.9094563386348,0.0019855888934845,16.7273640846587,NaN
2264.55520653725,24.5636790218591,20.0000359167164,0.0067698736790911,68.0130743521856,0.0016924684197728,17.0032685880464,NaN
2385.68020653725,24.5430614487404,19.9995468301942,0.0060115158913575,68.7857515051544,0.0015028789728393,17.1964378762886,NaN
2543.41555809975,24.5661641923019,19.9999816919831,0.005216417839149,69.6687431026113,0.0013041044597872,17.4171857756528,NaN
2704.96145653725,24.5594280762892,19.9996046267459,0.0045762962122801,70.4576968674096,0.00114407405307,17.6144242168524,NaN
2863.44192528725,24.5480132290839,19.9998720935113,0.0040775100528928,71.1418252652584,0.0010193775132232,17.7854563163146,NaN
3005.39895653725,24.5735245884253,19.999660509495,0.0037141389004082,71.6941296383059,0.000928534725102,17.9235324095765,NaN
3158.03762841225,24.6010903052687,19.9997588715472,0.0033916977119291,72.2356349488712,0.0008479244279822,18.0589087372178,NaN
3334.99270653725,24.5165434902626,19.9998574288307,0.0030870723191265,72.8079390117924,0.0007717680797816,18.2019847529481,NaN
3537.46145653725,24.5733124800739,19.9998186775257,0.0028083678242562,73.4037189697288,0.000702091956064,18.3509297424322,NaN
3713.59426903725,24.5643428815104,19.9998060092907,0.0026118149050527,73.8805036894508,0.0006529537262631,18.4701259223627,NaN
3913.63919091225,24.5571712495872,19.9994008617569,0.0024274943936745,74.383892616881,0.0006068735984186,18.5959731542203,NaN
4085.27395653725,24.5803776550258,19.9996069782699,0.0022950032040074,74.7888576664278,0.0005737508010018,18.697214416607,NaN
4255.29739403725,24.5674841186096,19.9999632245568,0.0021823037045084,75.1691816561496,0.0005455759261271,18.7922954140374,NaN
4467.77395653725,24.5864177851698,19.9998918650023,0.0020619065955536,75.6198070571615,0.0005154766488883,18.9049517642904,NaN
4656.73098778725,24.5654455792507,20.0004134012302,0.0019706651117316,76.0005259294009,0.0004926662779329,19.0001314823502,NaN
4860.36770653725,24.5625517616643,19.9999575409948,0.0018857974730308,76.3930013031995,0.0004714493682577,19.0982503257999,NaN
5080.896515131,24.5812612370727,19.9996774812596,0.0018070539209509,76.7998865317477,0.0004517634802377,19.1999716329369,NaN
5344.27395653725,24.6118072871016,19.9997987047224,0.0017274306667921,77.2650106849024,0.000431857666698,19.3162526712256,NaN
5556.90676903725,24.596567990829,20.0000832147504,0.0016732055798626,77.6264941327045,0.0004183013949656,19.4066235331761,NaN
5763.81301903725,24.6106197520498,19.9996792131602,0.001627441416068,77.9678347026861,0.000406860354017,19.4919586756715,NaN
6052.67239403725,24.6171404655103,19.9998628941855,0.0015733480587185,78.4298223657695,0.0003933370146796,19.6074555914424,NaN
6290.900421381,24.5753996878676,19.9996157687719,0.0015366508103551,78.8001284958592,0.0003841627025887,19.7000321239648,NaN
6517.9814760685,24.6130045490095,19.999855200897,0.0015078173739843,79.1456778248762,0.000376954343496,19.7864194562191,NaN
6722.41067528725,24.5672224006731,20.0001720246509,0.0014860183504302,79.4516556790695,0.0003715045876075,19.8629139197674,NaN
6980.39895653725,24.6357775632252,20.0000122864425,0.0014640682956394,79.8320951098607,0.0003660170739098,19.9580237774652,NaN
7182.71536278725,24.5753259101653,19.9995186952099,0.0014506114680602,80.1268570384155,0.000362652867015,20.0317142596039,NaN
7386.80422997475,24.6187542663142,19.9997175263944,0.0014400007610699,80.4218031960815,0.0003600001902674,20.1054507990204,NaN
7600.95364403725,24.6176269435843,20.0000185162506,0.0014317594324766,80.7292315153978,0.0003579398581191,20.1823078788494,NaN
7915.28958153725,24.6015826365582,19.9997847192875,0.0014241864473887,81.177946303689,0.0003560466118471,20.2944865759223,NaN
8182.71145653725,24.6429637932275,20.0001320852311,0.0014204655056044,81.5582697769812,0.0003551163764011,20.3895674442453,NaN
8405.24270653725,24.6450883459913,19.9996687968708,0.0014184862969462,81.8741604543921,0.0003546215742365,20.468540113598,NaN
8593.20364403725,24.5631274551155,19.999739344745,0.001415380641894,82.1404896647331,0.0003538451604735,20.5351224161833,NaN
8799.35989403725,24.6425952416502,20.0000744240804,0.001413176390401,82.4319498267318,0.0003532940976002,20.607987456683,NaN
9025.82083153725,24.6198237858425,19.9997877000908,0.0014220519852773,82.7526429030087,0.0003555129963193,20.6881607257522,NaN
9255.58645653725,24.6418036244403,19.9996920198394,0.0014513344314261,83.0823722515484,0.0003628336078565,20.7705930628871,NaN
9482.35989403725,24.6181428002132,19.9999592687738,0.0014972075786329,83.416453622033,0.0003743018946582,20.8541134055083,NaN
9722.2256166935,24.6553961883394,19.999626787271,0.0015561760401044,83.7825466917299,0.0003890440100261,20.9456366729325,NaN
10001.2329409122,24.6557078631243,19.9999758990548,0.0016274836557358,84.226827608283,0.0004068709139339,21.0567069020707,NaN
10274.9302065372,24.5788225452354,19.9999909545862,0.0016949031023218,84.6819419337992,0.0004237257755804,21.1704854834498,NaN
10543.7192690372,24.5976067486354,19.9997915435732,0.0017574533350026,85.1455144054821,0.0004393633337506,21.2863786013705,NaN
10787.7817690372,24.6471220069415,19.9999787947353,0.0018106012132395,85.5809711530234,0.0004526503033098,21.3952427882559,NaN
11077.8989565372,24.6249782276109,20.0000158506698,0.0018710255386045,86.1151199727373,0.0004677563846511,21.5287799931843,NaN
11326.6958315372,24.617754205927,20.0003115978587,0.0019218954630719,86.5870052441098,0.0004804738657679,21.6467513110275,NaN
11567.5552065372,24.6161106828721,20.0002539209111,0.0019704955052637,87.0557462923228,0.0004926238763159,21.7639365730807,NaN
11790.6528627872,24.6542309175464,19.9989678800108,0.0020152339581027,87.50038070443,0.0005038084895256,21.8750951761075,NaN
12053.2270815372,24.6109938248553,19.9995429712461,0.0020682537238125,88.0369845184075,0.0005170634309531,22.0092461296019,NaN
12301.2876284122,24.6294692035137,19.9998968741064,0.0021187590259156,88.5558485752347,0.0005296897564789,22.1389621438087,NaN
12515.6977846622,24.6048792578293,19.9997168714847,0.0021634026622305,89.0148523934172,0.0005408506655576,22.2537130983543,NaN
12756.4145815372,24.6163732629138,19.999891692349,0.0022139110911193,89.5416483733084,0.0005534777727798,22.3854120933271,NaN
12963.6802065372,24.6510174150339,19.9998495532476,0.0022583490825059,90.0051578229397,0.0005645872706264,22.5012894557349,NaN
13186.3930971622,24.5863812908196,19.9997010960708,0.0023064146122125,90.5134736890935,0.0005766036530531,22.6283684222734,NaN
13367.0552065372,24.6544099760129,19.9999767838745,0.0023455433801596,90.9336813613167,0.0005863858450399,22.7334203403292,NaN
13643.6020815372,24.6249682730615,19.9996873361851,0.0024071791856352,91.5908265681795,0.0006017947964088,22.8977066420449,NaN
13828.6763002872,24.6392021853864,19.9998954570899,0.0024486662294959,92.040160111046,0.0006121665573739,23.0100400277615,NaN
14074.5239565372,24.6344736610392,19.9997994836534,0.0025043486075529,92.6490054186985,0.0006260871518882,23.1622513546746,NaN
14270.4712221622,24.6473262171919,19.9997736849722,0.0025494842727695,93.1441510642517,0.0006373710681923,23.2860377660629,NaN
14567.8208315372,24.6462984355109,19.9998680101357,0.0026189957117925,93.9125721259308,0.0006547489279481,23.4781430314827,NaN
14819.1489565372,24.6087627896855,20.0000162810492,0.0026785347540721,94.5783116732903,0.000669633688518,23.6445779183226,NaN
15036.6587221622,24.6185469247542,19.9993884029745,0.0027303770421966,95.1665154603254,0.0006825942605491,23.7916288650813,NaN
15236.2876284122,24.6558490951404,19.9998917760745,0.0027789154504334,95.7164185444723,0.0006947288626083,23.9291046361181,NaN
15524.8989565372,24.5735861240182,19.9997437763505,0.0028499784344878,96.5287285884042,0.0007124946086219,24.132182147101,NaN
15708.6802065372,24.633198810754,19.9993250095864,0.0028954510580936,97.0565985100832,0.0007238627645234,24.2641496275208,NaN
15902.0239565372,24.657107401456,20.000041060865,0.0029439020581609,97.6210326546526,0.0007359755145402,24.4052581636631,NaN
16095.5805971622,24.6482781631743,19.999484328481,0.002992770800859,98.195553904279,0.0007481927002147,24.5488884760697,NaN
16366.5561830997,24.6284444118833,19.9995669110113,0.0030616691490241,99.015853319876,0.000765417287256,24.753963329969,NaN
16575.8677065372,24.6333660332846,20.0000135703475,0.0031156550373031,99.6624108642639,0.0007789137593257,24.915602716066,NaN
16909.503937006,24.6318260000518,19.9998147656883,0.0032027782416267,100.716383989214,0.0008006945604066,25.1790959973036,NaN
17153.3052065372,24.6662567243347,19.9999456199839,0.0032674707669315,101.505128473189,0.0008168676917328,25.3762821182974,NaN
17384.8989565372,24.6674815343194,19.9994154491508,0.0033296592592093,102.269010937797,0.0008324148148023,25.5672527344491,NaN
17567.9389955997,24.6285030358223,19.9999772109386,0.0033790220973957,102.883019070055,0.0008447555243489,25.7207547675137,NaN
17808.7427065372,24.6364534582621,19.9995769187948,0.0034446184217233,103.704530958331,0.0008611546054308,25.9261327395828,NaN
18014.3247377872,24.6172530176752,19.9995934879467,0.0035008584215802,104.418470537469,0.000875214605395,26.1046176343673,NaN
18260.7270815372,24.6486323507182,19.9998703525443,0.0035687946131353,105.289422561385,0.0008921986532838,26.3223556403462,NaN
18468.7651674747,24.6429604657155,19.9998009743271,0.003626544814728,106.038010885541,0.000906636203682,26.5095027213853,NaN
18712.1333315372,24.6672738495006,19.9997694084972,0.0036945891416435,106.928697805514,0.0009236472854108,26.7321744513784,NaN
18960.6001284122,24.6543692956333,19.9996988970582,0.0037648332532373,107.855399190152,0.0009412083133093,26.9638497975381,NaN
19204.2680971622,24.6391188272229,19.9998735349231,0.0038340156728872,108.781193703689,0.0009585039182218,27.1952984259223,NaN
19422.0942690372,24.6642803285778,19.9993198182216,0.0038963457830163,109.623064278998,0.000974086445754,27.4057660697496,NaN
19640.5317690372,24.6521384101842,19.9998893860472,0.0039591267220904,110.481075530783,0.0009897816805226,27.6202688826957,NaN
19882.9614565372,24.6686946784529,20.0002995373561,0.0040294235077614,111.449327515355,0.0010073558769403,27.8623318788389,NaN
20077.6489565372,24.6553906449195,20.0005261827473,0.0040860391451093,112.239307368669,0.0010215097862773,28.0598268421673,NaN
20386.2739565372,24.669648090356,19.9995958122366,0.0041767262612659,113.514408522818,0.0010441815653164,28.3786021307044,NaN
20550.5356752872,24.65019480286,19.9998966006975,0.004225302485161,114.204733634635,0.0010563256212902,28.5511834086587,NaN
20800.6548159122,24.691306452822,20.0002231055108,0.004299157407641,115.270517495261,0.0010747893519102,28.8176293738152,NaN
20974.3989565372,24.7030672306712,19.9995707394427,0.0043506163230823,116.021963669427,0.0010876540807705,29.0054909173567,NaN
21219.7622377872,24.7098467342149,20.000006001385,0.0044238409801459,117.098370085629,0.0011059602450365,29.2745925214073,NaN
21484.8703920841,24.6963003655667,19.9996080588439,0.0045031051762614,118.281840165066,0.0011257762940653,29.5704600412665,NaN
21765.3479311466,24.6918604233359,19.9992105952324,0.0045872401768474,119.55656461009,0.0011468100442118,29.8891411525225,NaN
22076.0786440372,24.6429720727517,19.9995379990989,0.0046816908639858,120.996615019363,0.0011704227159964,30.2491537548407,NaN
22322.7739565372,24.6691107829887,19.9997906628675,0.0047567497939742,122.161155010113,0.0011891874484935,30.5402887525282,NaN
22516.5708315372,24.6966078885544,19.9996337422656,0.0048158140922046,123.088401584154,0.0012039535230511,30.7721003960386,NaN
22735.9848940372,24.6570743905837,19.9998175610123,0.0048834537723703,124.152511269327,0.0012208634430925,31.0381278173316,NaN
22998.0415346622,24.6713737130533,19.9997644385439,0.0049641070844138,125.442743835785,0.0012410267711034,31.3606859589464,NaN
23224.3550112247,24.6871458976795,20.0001232049265,0.0050335814841885,126.574102248638,0.0012583953710471,31.6435255621595,NaN
23423.5005190372,24.6934237972076,19.9997755265407,0.0050948908930945,127.582681394595,0.0012737227232736,31.8956703486487,NaN
23645.3989565372,24.7462242425673,19.9998841517012,0.0051625546823603,128.72070236258,0.00129063867059,32.180175590645,NaN
23876.8188784122,24.6559962127127,19.9998391885435,0.0052341825039713,129.923690452809,0.0013085456259928,32.4809226132023,NaN
24170.5140688419,24.6696877699708,19.9999555399076,0.0053239735463639,131.474944894941,0.0013309933865909,32.8687362237353,NaN
24527.2544252872,24.6897957034795,19.9995637014094,0.0054329722454948,133.392872835744,0.0013582430613737,33.3482182089359,NaN
24819.3989565372,24.6950802878245,20.0003223730283,0.0055220686996557,134.993119711007,0.0013805171749139,33.7482799277517,NaN
25078.4848940372,24.7225771977599,19.9995689735812,0.0056006149203072,136.434018348907,0.0014001537300768,34.1085045872267,NaN
25376.9516909122,24.7041042037771,20.0000340997844,0.005691263670405,138.119108759603,0.0014228159176012,34.5297771899007,NaN
25642.8266909122,24.6969032148859,19.9995013333196,0.0057711042644799,139.642894232825,0.0014427760661199,34.9107235582062,NaN
25862.4497377872,24.7295157621272,19.9993064951949,0.005836691706577,140.9175790122,0.0014591729266442,35.2293947530501,NaN
26046.7407534122,24.7597073227796,19.999218318643,0.0058920380114379,141.998357869067,0.0014730095028594,35.4995894672669,NaN
26306.3564760685,24.7226240066315,20.0000422001047,0.0059697100636314,143.538120690928,0.0014924275159078,35.8845301727319,NaN
26586.3442690372,24.7139321734547,19.9997230232413,0.0060521307192462,145.221241937034,0.0015130326798115,36.3053104842585,NaN
26768.5646059513,24.708051587003,19.9998202243832,0.0061056614685087,146.328857806908,0.0015264153671271,36.582214451727,NaN
27108.1826479435,24.7160945240559,19.9998363918301,0.0062049088289758,148.419303554536,0.0015512272072439,37.104825888634,NaN
27329.9634096622,24.6969424174026,19.9998535983005,0.0062684085798922,149.802511577157,0.001567102144973,37.4506278942894,NaN
27547.6919252872,24.7262838461154,20.0001207925168,0.0063311970318735,151.174114305292,0.0015827992579683,37.7935285763229,NaN
27775.2407534122,24.7401420754618,19.9999992988774,0.0063959229349081,152.62212920631,0.001598980733727,38.1555323015775,NaN
28003.455108881,24.7233477921379,20.0000363652888,0.0064602750900681,154.089048528708,0.001615068772517,38.522262132177,NaN
28224.7114565372,24.7247023678078,19.9993827727919,0.0065215662686555,155.525216717745,0.0016303915671638,38.8813041794364,NaN
28433.4302065372,24.7181258294212,20.0000468992257,0.0065789087651283,156.892468597592,0.001644727191282,39.2231171493981,NaN
28690.8804018497,24.7287394454758,19.9993275558088,0.0066487271850414,158.595179510329,0.0016621817962603,39.6487948775823,NaN
28969.1733705997,24.7253031202135,19.9995599336956,0.0067229676775643,160.455813613756,0.001680741919391,40.113953403439,NaN
29319.1645815372,24.7346739283339,19.9999155966026,0.0068160348465417,162.825131700363,0.0017040087116354,40.7062829250907,NaN
29579.3345034122,24.7616451429243,20.0004358613508,0.0068833799045589,164.607232063075,0.0017208449761397,41.1518080157687,NaN
29790.3091127872,24.6901927089769,20.0001273012847,0.0069375260157162,166.06524917743,0.001734381503929,41.5163122943574,NaN
30078.1802065372,24.686777805494,19.9995828407682,0.0070103385242231,168.072818684886,0.0017525846310557,42.0182046712216,NaN
30309.3520815372,24.6883167317962,19.9992910009351,0.0070673362933466,169.699995958069,0.0017668340733366,42.4249989895173,NaN
30561.2583315372,24.6675060082666,19.9995384569014,0.0071277820875541,171.488092734128,0.0017819455218885,42.872023183532,NaN
30840.5395815372,24.681952162206,19.9992377207659,0.007193350794264,173.487802112323,0.001798337698566,43.3719505280807,NaN
31060.7309877872,24.6562094337031,19.999826184825,0.0072435703472879,175.077231405646,0.0018108925868219,43.7693078514114,NaN
31310.369171381,24.6225105551065,19.9995689537761,0.0072994703855174,176.892554219284,0.0018248675963793,44.223138554821,NaN
31495.8052065372,24.6600793125325,19.9995507321047,0.0073401066400907,178.24988739562,0.0018350266600226,44.562471848905,NaN
31736.2680971622,24.5935532794385,19.9996755487705,0.0073920356929416,180.021177993092,0.0018480089232354,45.005294498273,NaN
31986.7925112247,24.5826968965449,19.9995593368299,0.0074441586203823,181.879628796908,0.0018610396550955,45.4699071992269,NaN
32200.8110659122,24.5755072937446,19.9999158419522,0.0074885063050484,183.477602776651,0.0018721265762621,45.8694006941627,NaN
32432.6411440372,24.5754059006294,19.9997059312767,0.0075354499028901,185.219161740107,0.0018838624757225,46.3047904350266,NaN
32690.6382143497,24.5747211967228,19.9999728631741,0.0075858030187432,187.169811971284,0.0018964507546858,46.792452992821,NaN
32945.0698549747,24.571216270858,19.9996591108408,0.0076345485690056,189.106046843112,0.0019086371422514,47.276511710778,NaN
33159.5542299747,24.5448059793409,19.9998827438138,0.0076747039962369,190.747880507057,0.0019186759990592,47.6869701267641,NaN
33383.0356752872,24.5824171378068,19.9996831492432,0.0077158434246189,192.467606051542,0.0019289608561547,48.1169015128855,NaN
33722.7817690372,24.5329011124803,20.0002942482191,0.0077760157408462,195.099503547396,0.0019440039352115,48.7748758868489,NaN
33936.2563784122,24.5483084860269,20.0000822393896,0.007812680044143,196.763311008272,0.0019531700110357,49.190827752068,NaN
34194.9341127872,24.5668237969843,19.9999148122188,0.0078558666612096,198.789912858091,0.0019639666653024,49.6974782145228,NaN
34461.1938784122,24.5269380777002,19.9998340514603,0.0078989349304239,200.887410877353,0.0019747337326059,50.2218527193382,NaN
34711.2768862247,24.54539995842,19.9997051375516,0.0079370745650956,202.86762306688,0.0019842686412739,50.7169057667199,NaN
34916.7007143497,24.5086622423905,19.9997235353891,0.0079684379751283,204.501325132797,0.001992109493782,51.1253312831994,NaN
35174.5239565372,24.5142077783667,20.0000523511347,0.0080064824637198,206.560734654115,0.0020016206159299,51.6401836635287,NaN
35371.1958315372,24.5465005525793,19.9998731410018,0.0080343299919429,208.138190527898,0.0020085824979857,52.0345476319746,NaN
35603.3052065372,24.5169175613638,19.9997550650078,0.0080661418950058,210.006699726485,0.0020165354737514,52.5016749316212,NaN
35800.2505190372,24.5287432552475,19.9991637481849,0.0080924924822008,211.597980836949,0.0020231231205502,52.8994952092373,NaN
36019.5083315372,24.5165330940827,20.0000380888326,0.0081201070227931,213.375271328841,0.0020300267556982,53.3438178322102,NaN
36260.6177065372,24.484456522537,19.9997789903889,0.0081500282962662,215.336742318419,0.0020375070740665,53.8341855796049,NaN
36549.3989565372,24.4274285235539,20.0000739609846,0.0081840060731172,217.695253302502,0.0020460015182793,54.4238133256256,NaN
36797.4038393497,24.4729328832174,19.9990966772395,0.0082119313287551,219.728440769402,0.0020529828321887,54.9321101923505,NaN
37060.6118471622,24.4679215837643,19.999788610437,0.008240093505917,221.893644167504,0.0020600233764792,55.473411041876,NaN
37327.4692690372,24.4777283721517,19.9998342450165,0.0082674861272123,224.096280723571,0.002066871531803,56.0240701808928,NaN
37657.6037905216,24.4705613097849,19.9998518643251,0.00829912308003,226.830922790364,0.0020747807700075,56.7077306975909,NaN
37920.7739565372,24.4681571662234,20.0001490853564,0.0083226051045523,229.01811041951,0.002080651276138,57.2545276048774,NaN
38138.107452631,24.4782158143268,19.9997925824004,0.0083412481376318,230.828953328023,0.0020853120344079,57.7072383320058,NaN
38392.4956362247,24.4514032187475,19.9999981777451,0.0083616867554734,232.953508740082,0.0020904216888683,58.2383771850205,NaN
38630.8130190372,24.457391380002,19.9998098965653,0.0083795552353073,234.948363096463,0.0020948888088268,58.7370907741156,NaN
38878.7241518497,24.4500433086924,19.9995241467516,0.0083968233068436,237.0279312449,0.0020992058267109,59.2569828112249,NaN
39082.7661440372,24.4187002828479,20.0000695203532,0.0084100474694852,238.74258730025,0.0021025118673713,59.6856468250624,NaN
39356.4028627872,24.4586131608581,19.9998801942441,0.0084268388970558,241.046232837427,0.0021067097242639,60.2615582093566,NaN
39550.2036440372,24.4521012914607,20.0002256102836,0.0084376630858591,242.680417145777,0.0021094157714647,60.6701042864442,NaN
39792.9575502872,24.4549535264092,19.9997201358871,0.0084502037471213,244.730233972166,0.0021125509367803,61.1825584930416,NaN
40049.4524843693,24.457107409489,19.9997924605093,0.0084622471891901,246.899274463422,0.0021155617972975,61.7248186158554,NaN
40276.6123354435,24.448940436852,19.9993117196075,0.008471386108836,248.82263949184,0.002117846527209,62.2056598729601,NaN
40546.7846987247,24.4287615853635,19.9997492448744,0.0084812562536625,251.11270078839,0.0021203140634156,62.7781751970974,NaN
40745.1909487247,24.4413253202104,19.9998871821674,0.0084879831556454,252.796104862827,0.0021219957889113,63.1990262157068,NaN
40992.7075502872,24.4271651556409,20.0004152886395,0.008495289256041,254.897943315588,0.0021238223140102,63.7244858288969,NaN
41229.8374330997,24.4454289451805,19.9999401082558,0.0085007951401791,256.913095122805,0.0021251987850447,64.2282737807011,NaN
41417.1489565372,24.443922694719,19.9999085780303,0.0085045958256678,258.505764076716,0.0021261489564169,64.626441019179,NaN
41636.3833315372,24.4323966440594,19.9997304010801,0.0085082421359105,260.370692816186,0.0021270605339776,65.0926732040464,NaN
41907.3989565372,24.4097792074422,19.9983106303305,0.0085118984866725,262.677079285058,0.0021279746216681,65.6692698212645,NaN
42139.2739565372,24.4319010154133,19.9996327916314,0.008514195154969,264.651081796683,0.0021285487887422,66.1627704491708,NaN
42362.3208315372,24.3816211741933,19.9998522538066,0.0085153659330179,266.550289480971,0.0021288414832544,66.6375723702428,NaN
42600.268402338,24.4176579635566,19.9997610122071,0.0085155910681996,268.576536080153,0.0021288977670499,67.1441340200382,NaN
42884.0180971622,24.4112341122249,19.9997871639704,0.0085152892839191,270.992802983131,0.0021288223209797,67.7482007457827,NaN
43143.8960268497,24.382694395189,19.9997671455551,0.0085139811624683,273.20561024282,0.002128495290617,68.301402560705,NaN
43390.5239565372,24.4143036520463,19.9994191447349,0.0085116706960905,275.305144206404,0.0021279176740226,68.8262860516011,NaN
43592.8862612247,24.3964399225793,19.9997883553556,0.0085089378643606,277.027309859893,0.0021272344660901,69.2568274649734,NaN
43831.8364565372,24.4094983000668,19.9999818704538,0.0085054388515154,279.060151953699,0.0021263597128788,69.7650379884248,NaN
44033.2182924747,24.3795379121426,19.9997167643301,0.0085017600562484,280.772636445222,0.0021254400140621,70.1931591113055,NaN
44341.7856752872,24.3715528301926,20.0000645579623,0.0084952607806784,283.395019062832,0.0021238151951696,70.8487547657081,NaN
44546.6919252872,24.371402944907,19.9994593359851,0.0084901484690187,285.135275858055,0.0021225371172546,71.2838189645137,NaN
44817.1216127872,24.3562521754849,20.0000472449965,0.0084828345878068,287.430267325778,0.0021207086469517,71.8575668314445,NaN
45077.6450502872,24.3841559328737,19.9995152145424,0.0084755237852763,289.639315078717,0.002118880946319,72.4098287696792,NaN
45315.7759096622,24.3593894231411,20.0000067983912,0.008467319644482,291.656627013386,0.0021168299111205,72.9141567533464,NaN
45535.9380190372,24.3711153300918,19.9996739076402,0.008459604176448,293.519974527375,0.002114901044112,73.3799936318437,NaN
45785.0239565372,24.3307817663531,19.999411014852,0.0084503895395115,295.62602686064,0.0021125973848778,73.9065067151599,NaN
45999.5122377872,24.3515983972993,20.0000877294875,0.0084420883489863,297.437628070888,0.0021105220872465,74.3594070177221,NaN
46310.7173159122,24.373963651634,20.0002513751475,0.0084289780110794,300.062848434371,0.0021072445027698,75.0157121085927,NaN
46539.2270815372,24.3674084120495,20.0002721254643,0.0084189856814335,301.987822963283,0.0021047464203583,75.4969557408206,NaN
46849.2856752872,24.3799574930696,19.9999228439579,0.0084050084114925,304.596066682203,0.0021012521028731,76.1490166705507,NaN
47150.4751284122,24.3312094566754,19.999620566798,0.0083908986631452,307.125456339039,0.0020977246657863,76.7813640847597,NaN
47362.3833315372,24.3516554279312,20.0003232391446,0.008380465187963,308.902424109172,0.0020951162969907,77.2256060272929,NaN
47562.7817690372,24.316813305485,19.999541400186,0.0083703572426223,310.580848640043,0.0020925893106555,77.6452121600106,NaN
47762.3989565372,24.3395164541398,19.9994127594124,0.0083605559909267,312.250729825184,0.0020901389977317,78.0626824562961,NaN
47926.2641909122,24.3346690379679,19.9999817705851,0.0083524459250908,313.620058154647,0.0020881114812727,78.4050145386618,NaN
48194.0864565372,24.3517144533631,19.9993293025725,0.0083387411208079,315.855225145783,0.0020846852802019,78.9638062864458,NaN
48448.328155756,24.3383975531214,19.9997699520552,0.0083260395665562,317.973682836517,0.002081509891639,79.4934207091293,NaN
48717.6177065372,24.3243245279436,19.9995727575683,0.0083134064801136,320.214098462154,0.0020783516200284,80.0535246155385,NaN
48902.6489565372,24.3183295350916,19.9999159464673,0.008304429948466,321.751523584812,0.0020761074871165,80.4378808962031,NaN
49195.1372377872,24.3396335279029,19.99989516884,0.0082917591971555,324.178615532733,0.0020729397992888,81.0446538831833,NaN
49402.0825502872,24.3319151708062,19.9997014934423,0.0082838992325546,325.893736820451,0.0020709748081386,81.4734342051127,NaN
49652.7915346622,24.3118860887664,20.0000089432898,0.0082761695823525,327.969598577175,0.0020690423955881,81.9923996442937,NaN
49870.7173159122,24.3507520325788,19.9997292788244,0.0082713114737449,329.772630475744,0.0020678278684362,82.4431576189361,NaN
50115.248077631,24.3104986688313,19.999892675697,0.0082680669202984,331.794742446678,0.0020670167300746,82.9486856116696,NaN
50351.0239565372,24.3037284285678,19.9993973168437,0.0082690086229652,333.744198265567,0.0020672521557413,83.4360495663917,NaN
50583.5708315372,24.3123621445488,19.9995334338044,0.0082744774336618,335.667691201708,0.0020686193584154,83.916922800427,NaN
50793.1841127872,24.2874448206922,19.9997520485503,0.0082829283170629,337.402928545286,0.0020707320792657,84.3507321363214,NaN
51027.3901674747,24.2970557819972,19.9994887284351,0.0082967288280151,339.344377317283,0.0020741822070037,84.8360943293208,NaN
51448.0337221622,24.2957085411755,19.9997846452494,0.0083311416026393,342.841368102657,0.0020827854006598,85.7103420256644,NaN
51649.2720034122,24.2935136775688,19.9997807594313,0.0083489866029725,344.519695478614,0.0020872466507431,86.1299238696536,NaN
51848.1938784122,24.2885554528174,20.0004343717095,0.0083656514805234,346.182273777524,0.0020914128701308,86.5455684443811,NaN
52087.8335268497,24.2955583734093,20.0001468652743,0.0083843132099446,348.189214917938,0.0020960783024861,87.0473037294846,NaN
52420.0924379826,24.2957622188733,19.999840131914,0.0084047555849951,350.978589290145,0.0021011888962487,87.7446473225362,NaN
52700.1059877872,24.2878369034115,20.0001870374414,0.0084176084437229,353.33397237994,0.0021044021109307,88.3334930949851,NaN
52898.0473940372,24.2916449400827,19.9996446583198,0.008424600310307,355.000860361674,0.0021061500775767,88.7502150904184,NaN
53123.3833315372,24.2957997934885,20.0002162357969,0.008430949561489,356.899991680493,0.0021077373903722,89.2249979201234,NaN
53409.0659487247,24.271998172555,19.9997307316701,0.0084361998902857,359.309394011365,0.0021090499725714,89.8273485028413,NaN
53679.2663881779,24.2846956819947,19.9998987450686,0.0084401865895198,361.589394446371,0.0021100466473799,90.3973486115928,NaN
53867.4770815372,24.2983414655814,20.0001717274831,0.0084418757711829,363.178104901627,0.0021104689427957,90.7945262254067,NaN
54094.8364565372,24.293280292103,19.9991769678419,0.0084426139214896,365.097545017355,0.0021106534803724,91.2743862543387,NaN
54326.4302065372,24.2883287762912,20.0006159248402,0.0084420216193165,367.052769109861,0.0021105054048291,91.7631922774653,NaN
54542.8325502872,24.2892791366812,19.9996841749747,0.0084404089508223,368.879476348955,0.0021101022377055,92.2198690872387,NaN
54826.5141909122,24.2884807827015,19.9997388326005,0.0084364243171669,371.273351581475,0.0021091060792917,92.8183378953688,NaN
55016.6333315372,24.2664464489778,20.0000568126043,0.0084321859886624,372.876912742607,0.0021080464971656,93.2192281856518,NaN
55209.4868471622,24.2802520343113,20.0001192811439,0.0084270273450991,374.502595706843,0.0021067568362747,93.6256489267109,NaN
55459.9458315372,24.2915838424264,19.9996371404449,0.0084187702465849,376.612206159506,0.0021046925616462,94.1530515398766,NaN
55707.9145815372,24.2393062443293,19.9995730333711,0.0084090800514822,378.698584782102,0.0021022700128705,94.6746461955256,NaN
55945.8677065372,24.276140121507,20.0001998328009,0.0083982936193267,380.69831308249,0.0020995734048316,95.1745782706224,NaN
56177.7270815372,24.2204500309049,19.9995525158826,0.0083873633879392,382.644292252719,0.0020968408469848,95.6610730631798,NaN
56426.0542299747,24.2549027535797,19.9994567651627,0.008373587638879,384.725389442366,0.0020933969097197,96.1813473605914,NaN
56664.2568666935,24.2766731022799,19.999855158448,0.0083593725295989,386.718353412976,0.0020898431323997,96.6795883532439,NaN
56926.3764955997,24.2781006229253,19.9998785134497,0.0083427308929375,388.907373771187,0.0020856827232343,97.2268434427967,NaN
57260.5864565372,24.2890196120356,19.9995285649228,0.0083192805351297,391.691681953513,0.0020798201337824,97.9229204883781,NaN
57493.4761049747,24.2509936547959,19.9995496020928,0.0083021722198514,393.627219665011,0.0020755430549628,98.4068049162527,NaN
57692.8364565372,24.2629646969549,19.9999407916086,0.0082865722395352,395.280782019584,0.0020716430598838,98.8201955048959,NaN
57958.0444643497,24.2740227526133,19.9998412678374,0.0082648924531133,397.475581336751,0.0020662231132783,99.3688953341877,NaN
58175.7075502872,24.264776633549,19.9998168330626,0.0082462035920313,399.272505811618,0.0020615508980078,99.8181264529045,NaN
58411.9145815372,24.2461245889423,19.9997810213587,0.0082253139436436,401.217660994494,0.0020563284859109,100.304415248624,NaN
58664.1723940372,24.2815832213758,20.0001994868871,0.0082020843918708,403.2898405782,0.0020505210979677,100.82246014455,NaN
58865.5239565372,24.2630593970176,19.9996701931058,0.0081832496134632,404.939468571471,0.0020458124033658,101.234867142868,NaN
59149.8950502872,24.266023003283,19.9999073243543,0.0081559574177058,407.262691021326,0.0020389893544264,101.815672755331,NaN
59385.5708315372,24.2387991066026,19.9994469857423,0.0081322570392021,409.182034285515,0.0020330642598005,102.295508571379,NaN
59648.0239565372,24.2574592455116,20.0002795672048,0.0081050697832971,411.312861159934,0.0020262674458243,102.828215289984,NaN
59904.1489565372,24.2464537235442,19.9998596071468,0.0080783813487007,413.385377274165,0.0020195953371751,103.346344318541,NaN
60164.7368471622,24.280807734273,20.00004729297,0.0080501385664147,415.486795751465,0.0020125346416036,103.871698937866,NaN
60376.2114565372,24.2493123981321,19.999836652232,0.008026827147881,417.18674696027,0.0020067067869702,104.296686740068,NaN
60630.3677065372,24.2323573836268,20.0002598244693,0.0079983222510217,419.223181230767,0.0019995805627554,104.805795307692,NaN
60889.6489565372,24.2316701725897,20.0000159676828,0.0079693830466441,421.293300752929,0.001992345761661,105.323325188232,NaN
61098.1787416935,24.2534969008884,19.9996715599263,0.0079453777317028,422.952616449197,0.0019863444329257,105.738154112299,NaN
61302.3804018497,24.2504703328686,20.0001096734012,0.0079213794609134,424.572630874691,0.0019803448652283,106.143157718673,NaN
61502.917999506,24.231335890342,20.000022298112,0.0078979788787585,426.158836773983,0.0019744947196896,106.539709193496,NaN
61778.7258608341,24.2546471085631,20.0000175152758,0.0078654885239371,428.332668302831,0.0019663721309842,107.083167075708,NaN
61998.6206362247,24.2361574329308,19.9994310422021,0.0078391915081962,430.05937186491,0.001959797877049,107.514842966228,NaN
62262.6606752872,24.2458866510729,19.9996011279327,0.0078073875359857,432.125023674053,0.0019518468839964,108.031255918513,NaN
62553.4927065372,24.2490376641155,19.9998669642587,0.0077722426183143,434.390540461708,0.0019430606545785,108.597635115427,NaN
62805.1255190372,24.2689038085271,20.0000117281293,0.0077417751738588,436.342466555373,0.0019354437934647,109.085616638843,NaN
63081.509796381,24.2471644449735,20.0000021266521,0.007707746634018,438.477459227626,0.0019269366585045,109.619364806906,NaN
63372.1782534122,24.23751577861,19.9999657306614,0.0076719563578404,440.71267308183,0.0019179890894601,110.178168270457,NaN
63603.0083315372,24.2227812926379,19.9999471238621,0.007643407119273,442.48030612266,0.0019108517798182,110.620076530665,NaN
63910.1509096622,24.2346739223265,20.0000046785893,0.0076061605389784,444.822218209882,0.0019015401347446,111.205554552471,NaN
64158.6255190372,24.2098909993486,19.9998640043417,0.0075758115141329,446.708377689258,0.0018939528785332,111.677094422314,NaN
64397.8364565372,24.237972275752,19.9995578678396,0.0075462970522488,448.516971532162,0.0018865742630622,112.12924288304,NaN
64683.0454409122,24.2164167818056,20.000372268705,0.0075110184226582,450.664268136608,0.0018777546056645,112.666067034152,NaN
64866.2895815372,24.230721921321,19.9997469062629,0.0074884060498422,452.038543733903,0.0018721015124605,113.009635933476,NaN
65099.5630190372,24.2263473991883,19.999566190916,0.0074592143216493,453.78194352699,0.0018648035804123,113.445485881747,NaN
65323.6489565372,24.2233835130841,19.9997421851279,0.0074310772583301,455.450255872469,0.0018577693145825,113.862563968117,NaN
65525.1645815372,24.196630848298,19.9996465719443,0.0074061606226692,456.945290760488,0.0018515401556673,114.236322690122,NaN
65772.1489565372,24.2031051361358,19.9998940870459,0.0073755377302261,458.770731791588,0.0018438844325565,114.692682947897,NaN
66008.1645815372,24.2160823045768,19.9996477412185,0.00734625436472,460.507792168047,0.00183656359118,115.126948042012,NaN
66265.5630190372,24.2161925790266,19.9996998886929,0.0073147407026305,462.394899213922,0.0018286851756576,115.598724803481,NaN
66483.9614565372,24.2083835901505,20.0002767852749,0.0072875012661016,463.98943265696,0.0018218753165254,115.99735816424,NaN
66703.4761049747,24.2063595443286,19.9996415182661,0.0072602786744087,465.586200705036,0.0018150696686021,116.396550176259,NaN
66885.9302065372,24.181897302677,20.0000865655265,0.0072381051601296,466.908881433083,0.0018095262900324,116.727220358271,NaN
67087.9614565372,24.2266424811521,19.9994903294194,0.0072134501776268,468.368665623136,0.0018033625444067,117.092166405784,NaN
67290.2817690372,24.2077448569874,19.9997329458024,0.0071888854368211,469.825614905772,0.0017972213592052,117.456403726443,NaN
67530.6489565372,24.199857794851,19.999977788617,0.0071599200674729,471.550066360349,0.0017899800168682,117.887516590087,NaN
67801.3130190372,24.1997232117243,19.9994068595691,0.0071268923328458,473.483496346157,0.0017817230832114,118.370874086539,NaN
68008.8052065372,24.2468211556167,19.9995679893351,0.0071023050208084,474.959656203037,0.0017755762552021,118.739914050759,NaN
68266.6450502872,24.2080280080271,19.9993681153909,0.0070710709704617,476.786922362688,0.0017677677426154,119.196730590672,NaN
68493.3388979435,24.1868787840813,19.9996956187318,0.0070443736962355,478.386768947243,0.0017610934240588,119.596692236811,NaN
68747.8989565372,24.1756496854953,19.9994829184732,0.0070139489779515,480.176189340357,0.0017534872444878,120.044047335089,NaN
69036.9702455997,24.1786372132854,19.9995901650066,0.0069799213327595,482.198814990109,0.0017449803331899,120.549703747527,NaN
69252.2114565372,24.2074298921948,19.9999218293597,0.006954797589109,483.69852961476,0.0017386993972772,120.92463240369,NaN
69461.4555971622,24.1768218819193,19.9999589384921,0.0069303481170831,485.151248381626,0.0017325870292707,121.287812095407,NaN
69686.9360659122,24.1684551921282,19.999929198837,0.0069043228282619,486.710988646903,0.0017260807070654,121.677747161726,NaN
69901.2475893497,24.19455052438,19.9997312339042,0.0068798096880055,488.18803894241,0.0017199524220013,122.047009735602,NaN
70110.1489565372,24.225267876784,19.9994935587035,0.0068555695671687,489.622729619978,0.0017138923917921,122.405682404994,NaN
70365.839874506,24.1913349932841,19.9999633516992,0.0068265642285805,491.371901790572,0.0017066410571451,122.842975447643,NaN
70707.8052065372,24.1791672302403,19.9999017320284,0.0067878099833815,493.699687072873,0.0016969524958453,123.424921768218,NaN
70968.6814272404,24.1999898746213,19.9998720774929,0.006758546684598,495.466667992646,0.0016896366711495,123.866666998161,NaN
71187.6255190372,24.1810545736928,19.9996361728962,0.0067342021787041,496.943762811232,0.001683550544676,124.235940702808,NaN
71409.4770815372,24.1925814623604,19.9997093151993,0.0067092897926843,498.434979718714,0.001677322448171,124.608744929679,NaN
71595.8423159122,24.1947434236256,19.9997185891098,0.0066887547528482,499.683400165303,0.001672188688212,124.920850041326,NaN
71786.8432924747,24.1515209578738,19.9996276296792,0.0066672016793325,500.958894831547,0.0016668004198331,125.239723707887,NaN
72024.6118471622,24.1538603930415,19.9999880572383,0.006641277863676,502.541034401745,0.001660319465919,125.635258600436,NaN
72257.9795229435,24.1937184047145,19.9995747735843,0.0066160841054962,504.087937792748,0.001654021026374,126.021984448187,NaN
72526.0923159122,24.1417150700342,19.9998444694161,0.0065865868721061,505.85783383095,0.0016466467180265,126.464458457737,NaN
72784.4614565372,24.1452147122853,19.9999358131511,0.006559278945371,507.556039618873,0.0016398197363427,126.889009904718,NaN
72994.9848940372,24.1778883338979,19.9995522742159,0.0065367364302394,508.934603612111,0.0016341841075598,127.233650903028,NaN
73217.1489565372,24.1691569639355,19.9999910453151,0.006513151189833,510.384201135505,0.0016282877974582,127.596050283876,NaN
73475.8674623966,24.1511176418577,19.9994689309097,0.0064866003486082,512.065800122585,0.001621650087152,128.016450030646,NaN
73705.1557924747,24.1556445520083,20.0000338177236,0.0064627792101424,513.550415826959,0.0016156948025356,128.38760395674,NaN
73973.1489565372,24.1586180128775,19.9993757423135,0.0064350375995106,515.278640875404,0.0016087593998776,128.819660218851,NaN
74204.7739565372,24.1446588119685,20.0002690517151,0.0064109456063641,516.766373672397,0.001602736401591,129.191593418099,NaN
74432.322296381,24.1577995390523,19.9999411122426,0.0063879464658134,518.222540529311,0.0015969866164533,129.555635132328,NaN
74640.7739565372,24.1773711890958,19.9998346604316,0.0063666560234344,519.551811733985,0.0015916640058586,129.887952933496,NaN
74849.2905580997,24.1283505710954,20.0002836327237,0.0063452548039559,520.877216583555,0.0015863137009889,130.219304145889,NaN
75071.2739565372,24.1331025898526,19.9999650429018,0.0063231576701916,522.283280088238,0.0015807894175479,130.57082002206,NaN
75302.1177065372,24.1456267039783,19.9998664868337,0.006300235484986,523.740284478695,0.0015750588712465,130.935071119674,NaN
75480.835968256,24.1215630899368,19.9999925007069,0.0062819259256723,524.864594936948,0.001570481481418,131.216148734237,NaN
75771.8921205997,24.1217182468558,19.999673883578,0.0062532306671337,526.688800406044,0.0015633076667834,131.672200101511,NaN
75981.8364565372,24.1345565955024,20.0000135113797,0.0062323233382674,527.999422535676,0.0015580808345668,131.999855633919,NaN
76198.8772280216,24.1566749007427,20.0000121052607,0.0062111361799168,529.349807420537,0.0015527840449792,132.337451855134,NaN
76396.2466127872,24.1432251639616,19.9996094659613,0.006191570247528,530.573788688533,0.001547892561882,132.643447172133,NaN
76648.3882143497,24.1409006848367,19.9996885339092,0.0061671188967095,532.131849504807,0.0015417797241773,133.032962376202,NaN
76844.7739565372,24.1540533135602,19.9994934768319,0.0061481374152047,533.341099036275,0.0015370343538011,133.335274759069,NaN
77045.7114565372,24.1448627901581,20.000309740331,0.0061292187500116,534.574591755896,0.0015323046875029,133.643647938974,NaN
77264.6177065372,24.1309060947979,19.9997840586281,0.0061082582501938,535.914034712248,0.0015270645625484,133.978508678062,NaN
77479.3970034122,24.1108337871676,19.9996645631642,0.0060883367985441,537.223797391172,0.001522084199636,134.305949347793,NaN
77759.0552065372,24.1966307892304,19.9999195101635,0.0060623085016243,538.922787795313,0.001515577125406,134.730696948828,NaN
77988.2837221622,24.1088977892689,19.9993424292939,0.0060411080529734,540.309980868656,0.0015102770132433,135.077495217164,NaN
78246.0063784122,24.122099930955,19.9999646138694,0.006017304527471,541.863797535908,0.0015043261318677,135.465949383977,NaN
78510.8935854435,24.1032808621876,19.9996184842738,0.005992267314671,543.454418994572,0.0014980668286677,135.863604748643,NaN
78738.6255190372,24.1302041949044,19.9998426600149,0.005971551657723,544.8166631685,0.0014928879144307,136.204165792125,NaN
79008.5923159122,24.1417628350086,19.999824103268,0.0059471663566419,546.425534690669,0.0014867915891604,136.606383672667,NaN
79220.5871889591,24.1372080154452,20.0001281650227,0.0059281596428082,547.684275007567,0.001482039910702,136.921068751892,NaN
79447.1958315372,24.119371810001,19.999779196101,0.0059075037284577,549.025320023381,0.0014768759321144,137.256330005845,NaN
79804.0959780216,24.1180485182844,19.9996422274089,0.0058751041901325,551.127861133744,0.0014687760475331,137.781965283436,NaN
80029.3364565372,24.1037137954189,19.9995445866391,0.0058548983666917,552.448893444949,0.0014637245916729,138.112223361237,NaN
80276.5395815372,24.125500053871,19.9997817052414,0.005832474012106,553.89340023843,0.0014581185030265,138.473350059607,NaN
80485.6831362247,24.1337086898589,19.9998111804919,0.0058137240871166,555.111301508668,0.0014534310217791,138.777825377167,NaN
80688.3364565372,24.1126547776577,19.9996146971461,0.0057957359903396,556.287636259728,0.0014489339975849,139.071909064932,NaN
80902.7950747013,24.130565631542,19.9998759051524,0.0057767537016137,557.528488734177,0.0014441884254034,139.382122183544,NaN
81134.4443666935,24.1323651892438,19.9999188806925,0.0057562167043263,558.864316239937,0.0014390541760815,139.716079059984,NaN
81333.7397768497,24.1367047116945,20.0000490618446,0.0057387468901342,560.0097848049,0.0014346867225335,140.002446201225,NaN
81559.5239565372,24.1205650258919,19.9995160957538,0.005718729920733,561.303266770887,0.0014296824801832,140.325816692722,NaN
81767.7739565372,24.1234124617832,19.9995777583722,0.0057004323497401,562.492315670102,0.001425108087435,140.623078917526,NaN
81978.4526674747,24.1084094392742,20.0000020648225,0.0056821536828038,563.691374035244,0.0014205384207009,140.922843508811,NaN
82212.3579409122,24.1305943134058,19.9999938964893,0.005661735087107,565.01807190848,0.0014154337717767,141.25451797712,NaN
82456.1489565372,24.1032210716409,20.0002082563059,0.0056408143663116,566.395716986847,0.0014102035915779,141.598929246712,NaN
82667.0688784122,24.1242277685059,19.9995220144444,0.0056229879021859,567.583635605771,0.0014057469755464,141.895908901443,NaN
82904.9067690372,24.1282407988732,19.9998368793851,0.0056023677338104,568.918517694514,0.0014005919334526,142.229629423628,NaN
83129.1548159122,24.1075230437671,19.9995180327864,0.0055827816294283,570.172670062654,0.001395695407357,142.543167515664,NaN
83386.3657534122,24.1450084645111,19.9997530950549,0.0055611008372407,571.60584459327,0.0013902752093101,142.901461148318,NaN
83585.3481752872,24.1520022031168,19.9998122232796,0.0055441523447122,572.710712822609,0.001386038086178,143.177678205652,NaN
83815.5693666935,24.1511352702652,19.9999008556588,0.0055246534617952,573.984827987042,0.0013811633654488,143.496206996761,NaN
84078.2739565372,24.1674685095349,19.9995018258481,0.0055023443627221,575.433255619446,0.0013755860906805,143.858313904862,NaN
84301.3677065372,24.1820313289271,19.9996952813069,0.0054835374225874,576.658689929892,0.0013708843556468,144.164672482473,NaN
84521.4848940372,24.108338872037,19.9997944969321,0.0054654744053089,577.863750638963,0.0013663686013272,144.465937659741,NaN
84791.5708315372,24.1420964085036,20.0000569811769,0.0054428865755516,579.336868936921,0.0013607216438879,144.83421723423,NaN
85038.6089174747,24.1132683908361,19.9999421838692,0.0054224555062532,580.678925645482,0.0013556138765633,145.169731411371,NaN
85235.8677065372,24.1537770044578,19.9995191156245,0.0054060582131179,581.746960599608,0.0013515145532794,145.436740149902,NaN
85451.4614565372,24.1348423123897,19.9999411927665,0.0053883407096294,582.910547022425,0.0013470851774073,145.727636755606,NaN
85680.5884096622,24.1346441109738,19.9993480851274,0.005369364612857,584.142988956689,0.0013423411532142,146.035747239172,NaN
86058.5708315372,24.1757801052212,19.9999607581582,0.0053386945994659,586.166640884721,0.0013346736498664,146.54166022118,NaN
86313.6958315372,24.1259477177315,19.9996530402519,0.0053179524851782,587.52604295659,0.0013294881212945,146.881510739148,NaN
86519.8364565372,24.1433379268652,19.9999978776512,0.0053014554757228,588.620601109726,0.0013253638689307,147.155150277432,NaN
86785.2895815372,24.1465777532394,19.9994193405879,0.0052799143362892,590.025047452225,0.0013199785840723,147.506261863056,NaN
87054.1450502872,24.1302578387752,19.9996412309168,0.0052585408715746,591.441708665433,0.0013146352178936,147.860427166358,NaN
87233.5083315372,24.1535347268198,19.9997909931202,0.0052441070239584,592.383592241759,0.0013110267559896,148.09589806044,NaN
87431.4067690372,24.1688197761643,19.9997169451238,0.005228373051496,593.419845235995,0.001307093262874,148.354961308999,NaN
87657.5864565372,24.1377758189695,19.9998960865494,0.0052103600243249,594.600367889296,0.0013025900060812,148.650091972324,NaN
87928.5552065372,24.1274446118566,20.0000833990285,0.0051895494754086,596.009368923208,0.0012973873688521,149.002342230802,NaN
88165.2739565372,24.1368915000945,19.9995486834393,0.0051711781947882,597.23566259723,0.001292794548697,149.308915649307,NaN
88377.4516909122,24.1805802660367,19.999783273892,0.0051548576968009,598.331146916912,0.0012887144242002,149.582786729228,NaN
88559.9927065372,24.1380029716966,19.9998142536852,0.0051409265349932,599.270832396924,0.0012852316337483,149.817708099231,NaN
88798.281280756,24.1497348708005,19.9998303916402,0.0051227875809266,600.493656804769,0.0012806968952316,150.123414201192,NaN
89017.4848940372,24.1844771962951,20.0001698426841,0.0051058209350876,601.6147848144,0.0012764552337719,150.4036962036,NaN
89231.9936830997,24.1485406607742,19.9997961729481,0.0050892695144726,602.708235551163,0.0012723173786181,150.677058887791,NaN
89474.8989565372,24.1676287224865,20.0002406627046,0.0050712225466467,603.942215280449,0.0012678056366616,150.985553820112,NaN
89736.5952455997,24.1830836352544,19.9997492783335,0.0050517599578265,605.266796612172,0.0012629399894566,151.316699153043,NaN
89947.8716127872,24.1713466711107,19.9999318409519,0.0050360499520501,606.332478635511,0.0012590124880125,151.583119658878,NaN
90213.8520815372,24.176876863441,20.0002090207673,0.0050160808687603,607.669324130822,0.0012540202171901,151.917331032706,NaN
90467.8286440372,24.1361146298057,19.9991967089607,0.004997616183416,608.940988800615,0.001249404045854,152.235247200154,NaN
90670.9614565372,24.179244712958,19.9995206106416,0.0049827680298754,609.954634275468,0.0012456920074688,152.488658568867,NaN
90953.3833315372,24.1901523609388,19.9995546145478,0.0049620112246837,611.358877462961,0.0012405028061709,152.83971936574,NaN
91177.3999330997,24.1476640898784,19.9996803330874,0.0049457847154165,612.468636092094,0.0012364461788541,153.117159023023,NaN
91395.1333315372,24.1442524442868,20.0003561405647,0.0049304406329359,613.543804576307,0.001232610158234,153.385951144077,NaN
91654.8706362247,24.1782788124366,20.0001609933914,0.0049120209285101,614.822022463986,0.0012280052321275,153.705505615996,NaN
91879.1870424747,24.1383105654627,19.9996962713825,0.0048964501383153,615.922125462699,0.0012241125345788,153.980531365675,NaN
92094.6333315372,24.1561191135673,19.9998842386916,0.0048812325098729,616.975417681039,0.0012203081274682,154.24385442026,NaN
92299.9585268497,24.2105590382819,20.0001549588591,0.0048671293801027,617.976198202654,0.0012167823450256,154.494049550663,NaN
92511.109405756,24.2000541301647,19.9995129717988,0.0048525431037521,619.002338970258,0.001213135775938,154.750584742564,NaN
92742.1763002872,24.1649036364163,19.9998059596276,0.0048367298281294,620.121741149609,0.0012091824570323,155.030435287402,NaN
92943.5981752872,24.1689724119862,20.0002923763207,0.0048229485215365,621.094603098989,0.0012057371303841,155.273650774747,NaN
93189.6938784122,24.1911627976801,19.99989926448,0.0048063975989334,622.279463520823,0.0012015993997333,155.569865880206,NaN
93394.7114565372,24.1650183337363,19.9995536095117,0.004792227498926,623.263393453814,0.0011980568747315,155.815848363453,NaN
93666.8989565372,24.1931849989107,20.0002019217995,0.004774118533675,624.565309636953,0.0011935296334187,156.141327409238,NaN
93923.4282534122,24.1791939993066,20.0001649057211,0.0047571175398481,625.787845528024,0.001189279384962,156.446961382006,NaN
94124.4809877872,24.2563533360412,19.9995222228877,0.0047437355143191,626.742940180399,0.0011859338785797,156.6857350451,NaN
94422.3677065372,24.200537968973,19.9993994014454,0.0047244611556415,628.153125991866,0.0011811152889104,157.038281497967,NaN
94615.6255190372,24.1870588819589,20.0001548476027,0.0047118604975088,629.064908458542,0.0011779651243772,157.266227114636,NaN
94849.9067690372,24.2024844931407,19.9999939127949,0.0046965725570678,630.16698757505,0.0011741431392669,157.541746893762,NaN
95092.7334291935,24.181490029081,19.9995135835483,0.00468102021224,631.305536939516,0.00117025505306,157.826384234879,NaN
95336.9072573185,24.1731822162347,20.00036707518,0.0046654758751286,632.446646922544,0.0011663689687821,158.111661730636,NaN
95557.9692690372,24.1737435373436,19.9996960603104,0.0046513739437549,633.476467216869,0.0011628434859387,158.369116804217,NaN
95795.5679018497,24.1805765075193,19.9993894223797,0.0046364407143273,634.57986169702,0.0011591101785818,158.644965424255,NaN
96026.0315248966,24.1822647590122,20.0000061912775,0.0046222670829335,635.646756943919,0.0011555667707333,158.91168923598,NaN
96231.0503237247,24.200689110317,19.9999118927527,0.0046097421863617,636.593098082178,0.0011524355465904,159.148274520544,NaN
96490.9946596622,24.1874198873385,19.9997701585772,0.0045938101090841,637.789318995398,0.001148452527271,159.447329748849,NaN
96734.0239565372,24.1897599048233,19.9991986365301,0.0045789634714441,638.903932234507,0.001144740867861,159.725983058627,NaN
96986.8677065372,24.1782559049763,19.9997433439712,0.0045634627005445,640.059732682813,0.0011408656751361,160.014933170703,NaN
97203.2114565372,24.1723053771423,19.9996446423965,0.0045502733314165,641.04556434478,0.0011375683328541,160.261391086195,NaN
97502.5188906193,24.2044967180909,19.9996286965591,0.0045322865127145,642.404798655296,0.0011330716281786,160.601199663824,NaN
97742.6274721622,24.1902437961568,19.9998961914601,0.0045181296082299,643.491371367096,0.0011295324020574,160.872842841774,NaN
97967.4184877872,24.1470188116289,20.0000704266889,0.0045048537820211,644.505447157434,0.0011262134455052,161.126361789359,NaN
98185.7778627872,24.1807875019519,19.9997134442452,0.0044920923845537,645.487752269678,0.0011230230961384,161.371938067419,NaN
98478.3406069279,24.1882879947067,19.9999515552508,0.004474679798926,646.799396109461,0.0011186699497315,161.699849027365,NaN
98781.884796381,24.190541923035,19.9996668327534,0.0044569051912454,648.154920752481,0.0011142262978113,162.03873018812,NaN
98996.8833315372,24.1916762999829,19.9995061894199,0.0044444651373209,649.111792173581,0.0011111162843302,162.277948043395,NaN
99260.2348940372,24.1651284718249,19.9997904920835,0.0044294023848666,650.280197081855,0.0011073505962166,162.570049270464,NaN
99475.763702631,24.1929973515436,19.9998728401704,0.0044174151013447,651.233563737042,0.0011043537753361,162.80839093426,NaN
99799.8638002872,24.215563186061,19.9998822641783,0.0043992105384121,652.6622678624,0.001099802634603,163.1655669656,NaN
100049.055206537,24.2089344189165,19.9997693410404,0.0043855477164483,653.756757491521,0.001096386929112,163.43918937288,NaN
100308.36477685,24.2057020201091,19.9994773304962,0.0043714198970019,654.892150439565,0.0010928549742504,163.723037609891,NaN
100575.414581537,24.1976828855591,19.9995953262104,0.0043569608023837,656.057611364275,0.0010892402005959,164.014402841069,NaN
100850.992706537,24.1750167032168,20.0002495536905,0.0043425804362944,657.256293833592,0.0010856451090736,164.314073458398,NaN
101091.807159662,24.148816791376,19.9997143941881,0.0043301933488382,658.300562213439,0.0010825483372095,164.57514055336,NaN
101318.398956537,24.1819217252072,20.0002245058562,0.0043179601086848,659.280339245083,0.0010794900271712,164.820084811271,NaN
101545.551300287,24.1429977309711,20.0000591237604,0.0043063874868652,660.259842721316,0.0010765968717163,165.064960680329,NaN
101883.156769037,24.1791568119741,19.9996960269292,0.0042884861141251,661.710656743698,0.0010721215285312,165.427664185924,NaN
102218.727081537,24.2181022940373,19.9997229403183,0.0042709884968027,663.146792200101,0.0010677471242006,165.786698050025,NaN
102490.615997553,24.1896419254619,19.9996209435115,0.0042574600142595,664.306184255881,0.0010643650035649,166.07654606397,NaN
102796.453155756,24.1633789299581,19.9997189706939,0.0042419117268497,665.605902495509,0.0010604779317124,166.401475623877,NaN
103057.967315912,24.164703585653,19.9997942223315,0.00422883930295,666.713458623418,0.0010572098257375,166.678364655855,NaN
103307.561065912,24.1825730487016,19.9999071855374,0.0042164118330777,667.767380756287,0.0010541029582694,166.941845189072,NaN
103619.414581537,24.178078641167,20.0004084128114,0.0042007591594564,669.079909904183,0.0010501897898641,167.269977476046,NaN
103970.211456537,24.1793289585626,19.9995233345661,0.004183905193196,670.550572104721,0.001045976298299,167.63764302618,NaN
104208.3374331,24.1935723619984,19.9998613272141,0.0041722653617429,671.545465369706,0.0010430663404357,167.886366342427,NaN
104481.691925287,24.2129796765208,20.0001991547715,0.0041590332388202,672.684153136357,0.001039758309705,168.171038284089,NaN
104796.148956537,24.2271300134039,20.0000488459855,0.0041440653851325,673.989668872373,0.0010360163462831,168.497417218093,NaN
105017.988800287,24.2055763371257,19.9994105195413,0.0041337067833227,674.907784768938,0.0010334266958306,168.726946192235,NaN
105263.397369623,24.3111981226655,19.9998180500059,0.0041220186456153,675.920857282662,0.0010305046614038,168.980214320665,NaN
105537.240753412,24.2828633465225,20.0000423782498,0.0041095207579373,677.047901154465,0.0010273801894843,169.261975288616,NaN
105813.234894037,24.3244659285087,20.0001351514464,0.0040971044220762,678.180375674288,0.001024276105519,169.545093918572,NaN
106077.971710443,24.3257650838294,20.0001657741559,0.0040857980909073,679.263536522171,0.0010214495227268,169.815884130543,NaN
106337.516144037,24.3591284702876,19.9999139707448,0.0040751137952308,680.322602981634,0.0010187784488077,170.080650745409,NaN
106589.742706537,24.3006177761752,19.9999065296863,0.0040644822550562,681.34909838722,0.001016120563764,170.337274596805,NaN
106897.398956537,24.3298251474871,20.0001871231606,0.004051260917524,682.597524677971,0.001012815229381,170.649381169493,NaN
107124.877472162,24.272465179618,19.9995224970125,0.0040412829908444,683.517900231125,0.0010103207477111,170.879475057781,NaN
107447.168487787,24.274020364349,20.0000718225107,0.0040273652013577,684.818154860041,0.0010068413003394,171.20453871501,NaN
107702.469269037,24.2381163684343,19.9986169967963,0.004016671266363,685.844963735782,0.0010041678165907,171.461240933945,NaN
107968.398956537,24.2550566802492,19.9991404796173,0.004005602555894,686.911631252401,0.0010014006389735,171.7279078131,NaN
108209.320831537,24.25344775044,19.9999025067626,0.0039959132803659,687.875477977543,0.0009989783200914,171.968869494386,NaN
108485.023956537,24.271705934797,19.9995768441057,0.0039847122791543,688.975658402138,0.0009961780697885,172.243914600534,NaN
108691.445831537,24.2747826091941,19.9998615676016,0.0039763394810834,689.797295517639,0.0009940848702708,172.44932387941,NaN
108924.938019037,24.262112456731,19.9996584082944,0.0039667902393777,690.72464400812,0.0009916975598444,172.68116100203,NaN
109211.445831537,24.2942965155922,19.9997133189394,0.0039551086256222,691.85950782252,0.0009887771564055,172.96487695563,NaN
109518.594269037,24.2729279010971,19.999910598523,0.0039425711291693,693.072393903526,0.0009856427822923,173.268098475882,NaN
109791.73196435,24.268843433422,19.9997872806616,0.0039314055557397,694.147731613647,0.0009828513889349,173.536932903412,NaN
110214.98220849,24.2680492542324,19.9998457505796,0.0039139824416243,695.808001555046,0.000978495610406,173.952000388761,NaN
110494.839630365,24.2537723926773,20.000155600306,0.0039025671016204,696.901727735939,0.0009756417754051,174.225431933985,NaN
110736.328644037,24.2441703114822,20.0000839024957,0.0038928029104757,697.842988108751,0.0009732007276189,174.460747027188,NaN
111068.652862787,24.2518671488445,19.9995509323812,0.0038788757802769,699.134339118303,0.0009697189450692,174.783584779576,NaN
111362.461456537,24.2419338232604,19.9995981632134,0.0038675072173509,700.272300246786,0.0009668768043377,175.068075061697,NaN
111581.805206537,24.255547033352,19.9996092121718,0.0038586902505099,701.119619351991,0.0009646725626274,175.279904837998,NaN
111809.385772943,24.2645919681559,19.9999583088926,0.003849532225974,701.996731655842,0.0009623830564935,175.49918291396,NaN
112105.699737787,24.2574895525663,19.9998396774036,0.0038375849895972,703.135631023183,0.0009593962473993,175.783907755796,NaN
112363.500519037,24.2545267346345,20.0000631999283,0.003827446260422,704.123683008986,0.0009568615651055,176.030920752246,NaN
112615.203644037,24.2422397100155,19.9999204515787,0.003817502671102,705.08579245187,0.0009543756677755,176.271448112968,NaN
112880.195831537,24.3629679661782,19.999853882311,0.0038070051123893,706.095943497432,0.0009517512780973,176.523985874358,NaN
113127.846222162,24.2776019655394,20.000411989429,0.0037973870764122,707.037636945304,0.000949346769103,176.759409236326,NaN
113324.008331537,24.2660985797094,20.0000491511734,0.0037897580600967,707.781780337434,0.0009474395150241,176.945445084358,NaN
113664.440460443,24.276245303365,19.9997154736229,0.003776992571513,709.069776544769,0.0009442481428782,177.267444136192,NaN
113949.938019037,24.2610259739595,20.0003422596093,0.003766265266339,710.146565307496,0.0009415663165847,177.536641326874,NaN
114201.283722162,24.2944768396738,20.000065225534,0.0037566313597415,711.092024543054,0.0009391578399353,177.773006135763,NaN
114502.897003412,24.2931828029264,19.998764626707,0.0037453279795504,712.223396294446,0.0009363319948876,178.055849073611,NaN
114781.588409662,24.2255989383731,19.9996509386565,0.0037345801330091,713.265706906005,0.0009336450332522,178.316426726501,NaN
115049.945831537,24.272423942079,19.9995883384358,0.0037242288993642,714.266520913744,0.000931057224841,178.566630228436,NaN
115347.648956537,24.2790758658045,19.9997332464862,0.0037132033002475,715.373616711395,0.0009283008250618,178.843404177849,NaN
115600.977081537,24.2798106281743,20.0001168547725,0.0037038154814947,716.313084452828,0.0009259538703736,179.078271113207,NaN
115879.40798974,24.2518674443577,19.9997590553336,0.0036932278336831,717.342880625439,0.0009233069584207,179.33572015636,NaN
116166.398956537,24.2420890144266,19.9994307178027,0.0036821717454483,718.401236691799,0.000920542936362,179.60030917295,NaN
116426.398956537,24.2387703073922,20.000017068593,0.0036726874658468,719.357347422602,0.0009181718664617,179.839336855651,NaN
116702.656769037,24.2335457222191,19.9997099456573,0.0036620924220847,720.370479112376,0.0009155231055211,180.092619778094,NaN
116958.640411615,24.2115864540444,20.0001016574728,0.0036523287248155,721.306644541757,0.0009130821812038,180.326661135439,NaN
117216.648956537,24.2789165618728,20.000034930017,0.0036424621909376,722.247704722119,0.0009106155477344,180.56192618053,NaN
117470.681671381,24.2199288774639,19.9997925339673,0.0036326726598425,723.171755385146,0.0009081681649606,180.792938846286,NaN
117756.148956537,24.1886412803581,20.0000233248695,0.0036219065535272,724.207258740938,0.0009054766383818,181.051814685234,NaN
118050.5952456,24.1967291850973,20.000034158553,0.0036103347407924,725.272019390672,0.0009025836851981,181.318004847668,NaN
118302.773956537,24.2149397299534,19.9998954452009,0.0036006235379697,726.181239189467,0.0009001558844924,181.545309797367,NaN
118607.818878412,24.2050815305429,20.0000752029297,0.0035888608815202,727.277799735456,0.00089721522038,181.819449933864,NaN
118918.479034662,24.1951910019967,19.9995864291784,0.0035768814922839,728.390804383059,0.0008942203730709,182.097701095765,NaN
119151.492706537,24.1758630628916,19.9996229775656,0.0035678297162586,729.223253694736,0.0008919574290646,182.305813423684,NaN
119471.807159662,24.1591604129509,20.0000387623072,0.0035556599040604,730.364134782577,0.0008889149760151,182.591033695644,NaN
119747.750030756,24.1759326780978,19.9998683304449,0.0035446949564188,731.343772838152,0.0008861737391047,182.835943209538,NaN
120024.453644037,24.1559519938422,19.9995619129876,0.0035339787134275,732.323128298126,0.0008834946783568,183.080782074531,NaN
120274.486847162,24.1880740416717,19.9998237049164,0.0035241551514743,733.205543682787,0.0008810387878685,183.301385920697,NaN
120590.676300287,24.173183299099,19.9996229659758,0.0035122894004802,734.317978552126,0.00087807235012,183.579494638031,NaN
120834.477081537,24.2004335826292,19.9999340231616,0.0035025932107783,735.173105564647,0.0008756483026945,183.793276391162,NaN
121114.351104975,24.1889733193229,19.9994858339379,0.0034921139076769,736.15194344196,0.0008730284769192,184.03798586049,NaN
121395.437042475,24.1785514230182,20.0007188932408,0.0034816108582664,737.132041268708,0.0008704027145666,184.283010317177,NaN
121631.406769037,24.1948143703147,20.0001327837676,0.0034728575316997,737.952524862774,0.0008682143829249,184.488131215694,NaN
121843.055206537,24.2110857246271,20.0000712792228,0.0034640495480202,738.686616712769,0.000866012387005,184.671654178192,NaN
122048.090362787,24.1684081971423,19.9996861244002,0.0034561092807456,739.39605631163,0.0008640273201864,184.849014077908,NaN
122299.569854975,24.1705380135642,19.9994099411161,0.0034460493347142,740.263915962493,0.0008615123336785,185.065978990623,NaN
122543.402862787,24.161110445177,20.0000035348424,0.0034360202109086,741.102891393913,0.0008590050527271,185.275722848478,NaN
122702.895050287,24.1528924871722,19.9993140753715,0.0034295356666095,741.650443895835,0.0008573839166523,185.412610973959,NaN
122990.398956537,24.200275314306,19.9994435793294,0.003418330110932,742.634827763924,0.000854582527733,185.658706940981,NaN
123191.691925287,24.1608157544085,19.9995640567944,0.0034105112700831,743.322115461616,0.0008526278175207,185.830528865404,NaN
123493.914581537,24.1584731094406,19.9992952596534,0.0033985899742902,744.351028978742,0.0008496474935725,186.087757244685,NaN
123853.430206537,24.1843857280587,20.0000570818834,0.0033847091379464,745.570404960127,0.0008461772844866,186.392601240032,NaN
124101.926300287,24.1517589842378,19.99964615989,0.0033749780485812,746.410289720511,0.0008437445121453,186.602572430128,NaN
124396.578644037,24.1523388357182,19.9995467341964,0.0033635768838658,747.403013159588,0.0008408942209664,186.850753289897,NaN
124736.258331537,24.1604608703319,19.9997129479791,0.0033502813894128,748.543300998554,0.0008375703473532,187.135825249639,NaN
124984.316681147,24.1666564723697,19.9998839122582,0.0033408585819801,749.373184208931,0.000835214645495,187.343296052233,NaN
125208.844269037,24.1425728917199,19.999929953715,0.0033319731039009,750.122288360743,0.0008329932759752,187.530572090186,NaN
125445.711456537,24.1929055733015,19.9999631348421,0.003322535414349,750.91041685544,0.0008306338535872,187.72760421386,NaN
125651.127472162,24.13961571128,20.0002702591054,0.0033146730108591,751.592107598353,0.0008286682527147,187.898026899588,NaN
125989.969513178,24.1103426510861,19.9998503361004,0.0033010622116225,752.712937192729,0.0008252655529056,188.178234298182,NaN
126216.623565912,24.194451224936,19.9999126672694,0.0032921843392501,753.46016675056,0.0008230460848125,188.36504168764,NaN
126529.586456537,24.1467989674429,19.9999683882783,0.0032802055502802,754.488613335179,0.00082005138757,188.622153333795,NaN
126805.693878412,24.1349703379336,19.9997355986067,0.0032688781019815,755.392639059092,0.0008172195254953,188.848159764773,NaN
127080.7671206,24.1459429142753,20.0000589041509,0.0032575744060367,756.290347964082,0.0008143936015091,189.07258699102,NaN
127402.648956537,24.1544797358815,19.9997532623512,0.0032446084801288,757.336838760524,0.0008111521200322,189.334209690131,NaN
127743.7749331,24.1419839045095,19.999030412091,0.0032310333104961,758.441361430124,0.000807758327624,189.610340357531,NaN
127987.133331537,24.1551381693256,20.0006003594525,0.0032210992897543,759.226484366621,0.0008052748224385,189.806621091655,NaN
128298.426300287,24.1448273744086,19.9998018141159,0.0032089735691329,760.227312368328,0.0008022433922832,190.056828092082,NaN
128539.102081537,24.1486251211431,19.9999081211164,0.0031994598225931,760.998452995384,0.0007998649556482,190.249613248846,NaN
128801.481476068,24.119234421869,19.9999902380656,0.0031888315075408,761.836497342955,0.0007972078768852,190.459124335739,NaN
129071.336456537,24.1374904702272,20.0000972161297,0.003178336215575,762.695606850046,0.0007945840538937,190.673901712511,NaN
129452.070831537,24.141209658384,19.9997546259458,0.0031632657332327,763.902793831745,0.0007908164333081,190.975698457936,NaN
129771.32571435,24.1531441584815,19.9999842899832,0.0031499638273279,764.910543348812,0.0007874909568319,191.227635837203,NaN
130024.727081537,24.1333707506257,19.9998779118912,0.0031400733359086,765.707508557673,0.0007850183339771,191.426877139418,NaN
130317.148956537,24.1298260113762,20.0000375743165,0.0031285407887318,766.624047116922,0.0007821351971829,191.656011779231,NaN
130595.034088373,24.1279409732103,19.9999001138803,0.0031177849273143,767.491873509136,0.0007794462318285,191.872968377284,NaN
130852.480987787,24.1541250891868,19.9997218702576,0.0031072114076912,768.29320679504,0.0007768028519228,192.07330169876,NaN
131098.559112787,24.1434279727662,19.999991920145,0.0030973936259043,769.056615181799,0.000774348406476,192.26415379545,NaN
131389.742706537,24.1679506676724,19.9993559914151,0.0030859909917722,769.956863548936,0.000771497747943,192.489215887234,NaN
131639.740753412,24.1290550089752,19.9994909656719,0.0030764219331693,770.7272033519,0.0007691054832923,192.681800837975,NaN
131897.121612787,24.1201598731924,19.9998139000693,0.0030669334704503,771.517757886847,0.0007667333676125,192.879439471712,NaN
132275.273956537,24.1304720949427,20.0001088107605,0.0030523421051042,772.674775695998,0.000763085526276,193.168693924,NaN
132540.154815912,24.1364865765486,19.9997769476315,0.0030427736670688,773.482030207324,0.0007606934167672,193.370507551831,NaN
132808.168487787,24.1200363471325,19.9994664770589,0.0030330277475055,774.296227652792,0.0007582569368763,193.574056913198,NaN
133054.702667475,24.0770067425091,19.9997137021992,0.0030232389088509,775.042755739595,0.0007558097272127,193.760688934899,NaN
133315.4858706,24.1053655681243,20.0000147170635,0.0030136585806522,775.829927058232,0.000753414645163,193.957481764558,NaN
133581.137237787,24.0954010314922,20.0000744174897,0.0030035246142281,776.629099138581,0.000750881153557,194.157274784645,NaN
133832.648956537,24.1055719368786,20.0002534629489,0.0029941841654255,777.383375178477,0.0007485460413563,194.345843794619,NaN
134040.719269037,24.1316559820381,19.999742887669,0.0029862855073417,778.005547178935,0.0007465713768354,194.501386794734,NaN
134307.636993647,24.0999727817985,19.9996226120997,0.002976357491365,778.801288288232,0.0007440893728412,194.700322072058,NaN
134599.922394037,24.0658808636727,19.999971114908,0.0029660902002457,779.669701229235,0.0007415225500614,194.917425307309,NaN
134826.934112787,24.093707609582,19.9994911808806,0.0029581895028489,780.342106928647,0.0007395473757122,195.085526732162,NaN
135130.070831537,24.0740656033715,20.0001148639112,0.00294753988721,781.237279405883,0.0007368849718025,195.309319851471,NaN
135321.098175287,24.076043976585,19.9997215539734,0.0029410161485462,781.79971324449,0.0007352540371365,195.449928311122,NaN
135591.563507318,24.0890230427448,19.9997118980551,0.0029317492527209,782.593886593745,0.0007329373131802,195.648471648436,NaN
135824.129425287,24.0962294105321,19.9996855079137,0.0029235014775043,783.274714602037,0.000730875369376,195.818678650509,NaN
136049.748565912,24.1068357815631,19.9999943522527,0.0029154499510064,783.93343940991,0.0007288624877516,195.983359852477,NaN
136267.414581537,24.0950883935456,19.9996071130945,0.0029075055120143,784.567182987117,0.0007268763780035,196.141795746779,NaN
136506.398956537,24.084247912111,19.9995356498875,0.0028994609644705,785.261038766828,0.0007248652411176,196.315259691707,NaN
136738.171905756,24.0869597444427,19.9998502258192,0.0028912987696666,785.9321226452,0.0007228246924166,196.4830306613,NaN
137026.648956537,24.0876178067211,19.9995734357256,0.0028821237854572,786.764861427201,0.0007205309463643,196.6912153568,NaN
137272.627472162,24.0808668014999,19.9995081719617,0.002874095021753,787.472829054399,0.0007185237554382,196.8682072636,NaN
137591.655548334,24.084657853963,19.9998961676826,0.0028637939064531,788.388088859399,0.0007159484766132,197.09702221485,NaN
137845.285675287,24.0615447476532,19.9998795032863,0.0028558832156719,789.113407950998,0.0007139708039179,197.27835198775,NaN
138169.707550287,24.0617413311454,19.9998671330363,0.0028460897740619,790.038279182934,0.0007115224435154,197.509569795733,NaN
138473.289581537,24.0797541937764,19.9997410849126,0.0028364759588808,790.900873733481,0.0007091189897202,197.72521843337,NaN
138789.697784662,24.0825066499172,19.9998947873494,0.0028268640801082,791.79674873823,0.000706716020027,197.949187184558,NaN
139064.953644037,24.0953856967061,19.9996969939359,0.0028180973885886,792.573642018085,0.0007045243471471,198.143410504521,NaN
139364.734894037,24.0731801437961,20.0000081927525,0.0028090906861433,793.417061096183,0.0007022726715358,198.354265274046,NaN
139614.367706537,24.0830269167172,19.999776723594,0.0028014491215391,794.117350807388,0.0007003622803847,198.529337701847,NaN
139888.824737787,24.0779268444706,19.999482330411,0.0027933531636964,794.885122530625,0.0006983382909241,198.721280632656,NaN
140182.648956537,24.0779320930061,19.9995980653131,0.0027852169974577,795.704665516687,0.0006963042493644,198.926166379172,NaN
140500.617706537,24.0611020375963,19.9999877558475,0.0027762883561982,796.588839386563,0.0006940720890495,199.147209846641,NaN
140730.363312006,24.0718097913094,20.0001799356063,0.0027695054433592,797.225879560133,0.0006923763608398,199.306469890033,NaN
140932.473175287,24.0598082230678,19.9995864054353,0.0027638165675735,797.785010662805,0.0006909541418933,199.446252665701,NaN
141321.148956537,24.1027242676454,19.9996988230214,0.0027528636987957,798.857161077365,0.0006882159246989,199.714290269341,NaN
141565.143585443,24.0628646780102,20.0000293507955,0.0027461932564455,799.528028897376,0.0006865483141113,199.882007224344,NaN
141785.97415185,24.0665926996994,19.9997918977486,0.0027400786700764,800.133808746892,0.0006850196675191,200.033452186723,NaN
142098.805206537,24.0398128958397,20.0001079439315,0.0027310347748935,800.989608994533,0.0006827586937233,200.247402248633,NaN
142310.203644037,24.073739921863,19.9998385701705,0.0027254932547753,801.566360202613,0.0006813733136938,200.391590050653,NaN
142525.031769037,24.0352912179806,19.9993457293246,0.0027199289782991,802.151280891003,0.0006799822445747,200.537820222751,NaN
142809.388702631,24.0688152017279,20.0000522866202,0.0027125407182822,802.92363602903,0.0006781351795705,200.730909007257,NaN
143150.965362787,24.0673752685921,19.9997344382364,0.0027040209815573,803.848758927411,0.0006760052453893,200.962189731853,NaN
143391.350128412,24.0743727434826,20.0002226948504,0.0026973729617065,804.497943206581,0.0006743432404266,201.124485801645,NaN
143629.336456537,24.0904327000314,19.9999553904158,0.0026913545485402,805.139139472917,0.000672838637135,201.284784868229,NaN
143956.113312006,24.0428083104749,19.9997982080062,0.002683197782135,806.017298819585,0.0006707994455337,201.504324704896,NaN
144256.490753412,24.061138579685,19.9993869445598,0.0026755163087957,806.822070687073,0.0006688790771989,201.705517671768,NaN
144534.367706537,24.0609001897233,19.9996615614587,0.0026682497199641,807.564556967241,0.000667062429991,201.89113924181,NaN
144769.275909662,24.0169596470777,19.9997279027248,0.0026623887779784,808.190654619888,0.0006655971944946,202.047663654972,NaN
144981.129425287,24.0201573795401,19.999155134691,0.0026574563683972,808.754165832812,0.0006643640920993,202.188541458203,NaN
145222.738800287,24.0140460323373,20.0005311049696,0.002651838412372,809.395522054901,0.000662959603093,202.348880513725,NaN
145556.827697992,24.0251025679935,19.9999682351468,0.0026436911933795,810.280069535972,0.0006609227983448,202.570017383993,NaN
145836.834259272,24.0023215480129,20.0003576775747,0.0026366496397994,811.019334348984,0.0006591624099498,202.754833587246,NaN
146079.006378412,24.0193032341233,19.9997630550359,0.0026304504903066,811.657113106764,0.0006576126225766,202.914278276691,NaN
146295.092315912,24.0111864803783,19.9993271389506,0.0026248888651807,812.224893034387,0.0006562222162951,203.056223258597,NaN
146613.062042475,24.0449073940212,19.9997621006592,0.0026175804813306,813.058377630115,0.0006543951203326,203.264594407529,NaN
146883.076690912,24.0197219227973,20.0002896837546,0.0026106491118857,813.76422318561,0.0006526622779714,203.441055796403,NaN
147135.3061831,24.0155688532512,19.9997558412825,0.0026042009762221,814.421872295341,0.0006510502440555,203.605468073835,NaN
147386.027618647,24.0126053469655,19.9995007234673,0.0025982784345933,815.074109198196,0.0006495696086483,203.768527299549,NaN
147594.055206537,24.0188698149454,20.0003247088032,0.0025936655883106,815.614144364881,0.0006484163970776,203.90353609122,NaN
147882.125519037,24.0404118567467,19.9995988275579,0.0025869803525608,816.360347391322,0.0006467450881402,204.090086847831,NaN
148138.859894037,24.0068756139375,20.0000438843603,0.0025813709452295,817.023780025222,0.0006453427363073,204.255945006306,NaN
148394.053253412,24.0021692736021,19.9999992549261,0.0025753565344224,817.6817694532,0.0006438391336056,204.4204423633,NaN
148653.34133935,24.0080106969218,19.9996735521178,0.0025693133459294,818.348747044866,0.0006423283364823,204.587186761216,NaN
148940.027374506,24.0215059443597,19.99998380907,0.00256273202215,819.084379657967,0.0006406830055375,204.771094914492,NaN
149214.983734369,23.991685076514,19.9998296903514,0.00255651430317,819.788125352294,0.0006391285757925,204.947031338073,NaN
149470.193878412,24.0373960833195,19.9997253870298,0.0025505838015408,820.439830359878,0.0006376459503852,205.109957589969,NaN
149754.250519037,24.0153936218493,20.0003428287122,0.0025437052521624,821.163362542032,0.0006359263130406,205.290840635508,NaN
150082.483917475,24.0163003625721,19.9995336250326,0.0025367633930684,821.997139315385,0.0006341908482671,205.499284828846,NaN
150274.4624331,24.0288447780721,19.9998514631896,0.0025323298146536,822.483712697408,0.0006330824536634,205.620928174352,NaN
150552.419761896,23.9911160719616,19.9997598727176,0.0025262384460037,823.18669707468,0.0006315596115009,205.79667426867,NaN
150878.742706537,23.9926623703784,19.9997587521433,0.002519053110116,824.009951553507,0.000629763277529,206.002487888377,NaN
151161.605987787,23.9970001227069,19.9996316799133,0.0025123752078461,824.721555892571,0.0006280938019615,206.180388973143,NaN
151391.711456537,24.0370995072867,19.999525107965,0.002507414720465,825.299098686231,0.0006268536801162,206.324774671558,NaN
151628.508331537,23.9800787924705,19.9996487207892,0.0025023524476949,825.892245251109,0.0006255881119237,206.473061312777,NaN
151855.760284662,24.0019431083005,19.9996812537441,0.0024972979625097,826.460367273324,0.0006243244906274,206.615091818331,NaN
152091.326690912,23.987855810975,19.9997883551009,0.0024920793637284,827.048043255679,0.0006230198409321,206.76201081392,NaN
152316.859894037,23.9838710097662,19.9997064940689,0.0024864881443398,827.609437604493,0.0006216220360849,206.902359401123,NaN
152564.723175287,23.9892140169429,19.9997876130292,0.0024811112354471,828.225087183107,0.0006202778088617,207.056271795777,NaN
152813.453644037,24.0097845435632,19.9997781363669,0.002475768467939,828.841530495755,0.0006189421169847,207.210382623939,NaN
153010.971222162,23.9835831951399,20.0001464188056,0.0024715379173686,829.330130307597,0.0006178844793421,207.332532576899,NaN
153247.1030581,24.0183196195629,19.9999333200118,0.0024665183905473,829.913170902054,0.0006166295976368,207.478292725513,NaN
153564.104034662,23.9938343400698,19.9998883357581,0.0024599350581418,830.694033834948,0.0006149837645354,207.673508458737,NaN
153867.219269037,23.9856828219221,19.9997463616902,0.0024534778590701,831.438620144247,0.0006133694647675,207.859655036062,NaN
154198.973175287,23.974439140915,20.0000886905638,0.0024465840536109,832.251475382544,0.0006116460134027,208.062868845636,NaN
154443.398956537,23.9290132964867,19.999401939555,0.0024416734799756,832.848882485372,0.0006104183699939,208.212220621343,NaN
154784.586456537,23.9589312233949,19.9996636805647,0.002434109211108,833.68069299863,0.000608527302777,208.420173249658,NaN
155090.023956537,23.9961085691984,19.9998427059419,0.0024277846492692,834.42319700014,0.0006069461623173,208.605799250035,NaN
155363.668487787,23.9706718848664,20.0000513668741,0.0024224120266547,835.086813789805,0.0006056030066636,208.771703447451,NaN
155655.892975092,23.9596670051469,19.9997103338767,0.0024167386599781,835.79388634382,0.0006041846649945,208.948471585955,NaN
155957.516144037,23.9508152464401,19.9997524963728,0.002410118302391,836.521824033196,0.0006025295755977,209.130456008299,NaN
156156.330108881,23.9675832239076,20.0001052749848,0.0024057614870005,837.00055428648,0.0006014403717501,209.25013857162,NaN
156440.335968256,23.9671207195516,20.000331813395,0.0024004428909019,837.683060383436,0.0006001107227254,209.420765095859,NaN
156716.168487787,23.9619693497058,19.9997169243857,0.0023948407201785,838.344405603973,0.0005987101800446,209.586101400993,NaN
156960.370636225,23.9762618728938,19.9998869658397,0.0023898255052211,838.928633698568,0.0005974563763052,209.732158424642,NaN
157319.80227685,23.9495019304141,19.9998065180904,0.0023824771808643,839.786366332228,0.000595619295216,209.946591583057,NaN
157609.634063959,23.9472800398845,19.9999728183423,0.0023767558478061,840.4760366749,0.0005941889619515,210.119009168725,NaN
157902.148956537,23.9891015527803,19.9996231500466,0.0023712135003396,841.170483987159,0.0005928033750849,210.29262099679,NaN
158144.945831537,23.9418241162341,19.9999278855289,0.0023662359355646,841.745597477992,0.0005915589838911,210.436399369498,NaN
158441.418487787,23.9004754199554,20.0001419685219,0.0023602097596524,842.446271121171,0.0005900524399131,210.611567780293,NaN
158667.484894037,23.9377593245871,19.9999445584245,0.002355708569877,842.979305330346,0.0005889271424692,210.744826332587,NaN
158955.029815912,23.9260441903607,19.9997898923426,0.0023502254630042,843.655859030845,0.000587556365751,210.913964757711,NaN
159275.322967768,23.9168376439056,19.9997571120468,0.0023440706554421,844.407634878972,0.0005860176638605,211.101908719743,NaN
159589.000519037,23.9077461973337,19.9998017090548,0.002337834614198,845.141951500233,0.0005844586535495,211.285487875058,NaN
159847.117706537,23.8823406953072,19.9997112526313,0.0023327941958968,845.744720264068,0.0005831985489742,211.436180066017,NaN
160127.350738764,23.911556419856,19.9997344768241,0.0023276527593184,846.397718292545,0.0005819131898296,211.599429573136,NaN
160405.740265131,23.9243620474212,19.9999368623446,0.0023225911873252,847.045019729543,0.0005806477968313,211.761254932386,NaN
160656.211456537,23.9076694187729,19.9999592290105,0.0023180580999617,847.626197157717,0.0005795145249904,211.906549289429,NaN
160919.125519037,23.9154741976578,20.0000080587617,0.0023128956029479,848.234951098494,0.0005782239007369,212.058737774624,NaN
161182.058136225,23.9299106317961,20.0000730072323,0.0023080578159419,848.842453382056,0.0005770144539854,212.210613345514,NaN
161483.36111474,23.884365264972,20.0000295686211,0.0023023350467296,849.537008639704,0.0005755837616824,212.384252159926,NaN
161743.064972162,23.8900101282979,19.9995360733294,0.0022972138992313,850.134292577136,0.0005743034748078,212.533573144284,NaN
162054.38040185,23.8808430876255,19.9996800875776,0.00229085473506,850.848513437663,0.000572713683765,212.712128359416,NaN
162250.8139956,23.9117328251555,19.999165447111,0.0022868606451082,851.298126024769,0.000571715161277,212.824531506192,NaN
162614.713409662,23.8743338819877,20.0001888355188,0.0022797112821976,852.128946536036,0.0005699278205494,213.032236634009,NaN
162833.828644037,23.9019601190709,19.9994125584805,0.0022757241633334,852.628023614421,0.0005689310408333,213.157005903605,NaN
163137.469269037,23.8560438189197,19.9999249643446,0.0022704498683113,853.318230995033,0.0005676124670778,213.329557748758,NaN
163481.619659662,23.88156273409,20.0000607952873,0.0022644652857627,854.098613066835,0.0005661163214406,213.524653266709,NaN
163765.551300287,23.8816864288714,19.9998934809508,0.0022595265547506,854.74082558782,0.0005648816386876,213.685206396955,NaN
163984.332550287,23.8906527107269,19.9999727838739,0.0022559521956933,855.234798513539,0.0005639880489233,213.808699628385,NaN
164321.934112787,23.8569573917785,19.9993847120045,0.0022500214784614,855.995411363243,0.0005625053696153,213.998852840811,NaN
164652.023468256,23.8793546165803,19.9998750927304,0.0022441860779395,856.737154173491,0.0005610465194848,214.184288543373,NaN
164879.105987787,23.9262544311082,19.9995910977915,0.0022398300077184,857.246307698467,0.0005599575019296,214.311576924617,NaN
165066.547394037,23.8645779612302,19.9995531636764,0.0022365636108396,857.665838131008,0.0005591409027099,214.416459532752,NaN
165253.086456537,23.8726628825491,19.9999498581311,0.0022331412112102,858.082740402398,0.0005582853028025,214.520685100599,NaN
165587.137237787,23.8636418934341,19.9996262689678,0.0022277097643289,858.827802296532,0.0005569274410822,214.706950574133,NaN
165809.102081537,23.8407676777232,19.9997830252274,0.0022238706430485,859.321849308957,0.0005559676607621,214.830462327239,NaN
166078.625519037,23.8731292190758,19.9999398813915,0.0022188597898343,859.92057130943,0.0005547149474585,214.980142827358,NaN
166299.135284662,23.883422241362,19.999994903135,0.0022156177230263,860.409521963535,0.0005539044307565,215.102380490884,NaN
166533.272003412,23.8703450791204,20.0000720768354,0.002211724642008,860.927837107261,0.000552931160502,215.231959276815,NaN
166863.752472162,23.8777025463353,19.9996235830744,0.0022062574999935,861.657866940652,0.0005515643749983,215.414466735163,NaN
167176.898956537,23.8424728794566,19.9995736911426,0.0022010894688528,862.34796524513,0.0005502723672132,215.586991311283,NaN
167423.6030581,23.8585483629127,19.9996086447812,0.0021970047232827,862.890462627062,0.0005492511808206,215.722615656765,NaN
167783.523956537,23.839307647305,19.999745269639,0.0021908135832908,863.680097577991,0.0005477033958227,215.920024394498,NaN
168045.929229975,23.8489825808959,19.9999628359308,0.00218636592984,864.254408350879,0.00054659148246,216.06360208772,NaN
168316.413604975,23.7972257443292,19.9997239873297,0.0021817052360807,864.845179904556,0.0005454263090201,216.211294976139,NaN
168536.840362787,23.860551642117,19.99965142157,0.0021783095281436,865.325678321646,0.0005445773820359,216.331419580411,NaN
168793.438019037,23.8414980322015,19.9993538300114,0.0021744854240908,865.884144691483,0.0005436213560227,216.471036172871,NaN
169003.398956537,23.8452196930713,19.9999860660865,0.0021713373670981,866.340366954878,0.0005428343417745,216.58509173872,NaN
169243.674835443,23.8486203298973,19.9999833899972,0.0021675691188226,866.861650211977,0.0005418922797056,216.715412552994,NaN
169487.688019037,23.8626112602565,19.9995827215099,0.0021638769664048,867.390115458816,0.0005409692416012,216.847528864704,NaN
169771.250519037,23.8196232907648,19.9995535386163,0.0021596443581842,868.003137613857,0.000539911089546,217.000784403464,NaN
170022.976104975,23.8494644482362,19.9999965387535,0.002155784788561,868.546268861078,0.0005389461971402,217.13656721527,NaN
170299.921417475,23.8531516269103,19.9998388274441,0.0021511538742437,869.142691884851,0.0005377884685609,217.285672971213,NaN
170595.97415185,23.8676734741782,19.999507206168,0.0021466446374101,869.778881301234,0.0005366611593525,217.444720325309,NaN
170870.461456537,23.8471503490801,19.9997599532076,0.0021423849341773,870.367550574979,0.0005355962335443,217.591887643745,NaN
171112.379425287,23.851062114016,19.9997832727097,0.0021387494060928,870.885384504862,0.0005346873515232,217.721346126215,NaN
171328.551300287,23.8803445533575,19.9995254021725,0.0021357348734019,871.347398693062,0.0005339337183504,217.836849673266,NaN
171599.234894037,23.8534228093004,19.9999296985693,0.0021315840714261,871.924972886474,0.0005328960178565,217.981243221619,NaN
171815.367706537,23.8954539707281,19.999838967832,0.0021286277409175,872.385354431648,0.0005321569352293,218.096338607912,NaN
172072.807159662,23.8628249875007,20.0000421194856,0.0021248668545595,872.932880992142,0.0005312167136398,218.233220248036,NaN
172285.906769037,23.873285260282,19.9994943710841,0.0021222611486536,873.385415571482,0.0005305652871634,218.34635389287,NaN
172553.273956537,23.8801301468521,20.000146775166,0.0021186190462427,873.952367984579,0.0005296547615606,218.488091996145,NaN
172799.398956537,23.894451750669,19.9996377421982,0.0021151630602587,874.473379221656,0.0005287907650646,218.618344805414,NaN
173127.368194818,23.897444830562,20.0000111234819,NaN,NaN,NaN,NaN,NaN
173433.831573725,23.9055914572485,19.9992143315289,NaN,NaN,NaN,NaN,NaN
173689.508331537,23.8597260142738,20.0000013816455,NaN,NaN,NaN,NaN,NaN
174028.824005365,23.90664693151,19.9998086456887,NaN,NaN,NaN,NaN,NaN
174343.148956537,23.8490840359712,19.9993827073882,NaN,NaN,NaN,NaN,NaN
174704.031769037,23.907653501205,20.0000242418248,NaN,NaN,NaN,NaN,NaN
175032.66165185,23.9287198342961,19.9997076749996,NaN,NaN,NaN,NaN,NaN
175351.927643061,23.9304310641457,19.9996623733851,NaN,NaN,NaN,NaN,NaN
175699.0718081,23.9218560321342,19.9999980013708,NaN,NaN,NaN,NaN,NaN
176105.326690912,23.9442116089043,20.000134894436,NaN,NaN,NaN,NaN,NaN
176480.398956537,23.9136550751624,20.0002462290163,NaN,NaN,NaN,NaN,NaN
176903.328644037,23.9200197910031,20.0000885259812,NaN,NaN,NaN,NaN,NaN
177219.355987787,23.917392179522,19.9998581561421,NaN,NaN,NaN,NaN,NaN
177486.164581537,23.9240788890397,19.9998258463245,NaN,NaN,NaN,NaN,NaN
177801.773956537,23.9648854142095,20.0005195146361,NaN,NaN,NaN,NaN,NaN
178076.914581537,23.9557968936029,20.0001378737672,NaN,NaN,NaN,NaN,NaN
178389.398956537,23.9512980271737,19.9999794436714,NaN,NaN,NaN,NaN,NaN
178725.773956537,23.9527260953167,19.9998079381232,NaN,NaN,NaN,NaN,NaN
179010.329132318,23.9516542862133,19.9999654450373,NaN,NaN,NaN,NaN,NaN
179324.197784662,23.962165369779,20.0005001638702,NaN,NaN,NaN,NaN,NaN
179687.733673334,23.9739436276385,19.9997062108388,NaN,NaN,NaN,NaN,NaN
180111.875519037,23.946991569403,20.000140553421,NaN,NaN,NaN,NaN,NaN
180529.461456537,23.9420479070673,19.9996981935796,NaN,NaN,NaN,NaN,NaN
180806.398956537,23.9371205298948,19.9997101396788,NaN,NaN,NaN,NaN,NaN
181095.117706537,23.9571782844713,20.0000697503881,NaN,NaN,NaN,NaN,NaN
181256.030792475,24.0081378215069,19.9997456349547,NaN,NaN,NaN,NaN,NaN
181532.2983706,23.9616095885627,19.9996402573773,NaN,NaN,NaN,NaN,NaN
181829.13821435,23.9561415801672,19.9990967165593,NaN,NaN,NaN,NaN,NaN
182192.338409662,23.9890619874379,19.9996933778933,NaN,NaN,NaN,NaN,NaN
182518.21633935,23.9810249657383,19.999845849905,NaN,NaN,NaN,NaN,NaN
182903.398956537,23.9802758187042,19.9997940510884,NaN,NaN,NaN,NaN,NaN
183237.912628412,24.0097353685177,19.9997713677033,NaN,NaN,NaN,NaN,NaN
183591.750519037,23.9836550361056,20.0001702121974,NaN,NaN,NaN,NaN,NaN
183866.211456537,23.9539442015328,20.0003044840554,NaN,NaN,NaN,NaN,NaN
184146.5952456,23.9860970093504,19.9994528806149,NaN,NaN,NaN,NaN,NaN
184453.992706537,23.9949201792233,19.9999861250255,NaN,NaN,NaN,NaN,NaN
184798.104034662,23.9693259725659,19.9994958933348,NaN,NaN,NaN,NaN,NaN
185155.781769037,24.0414365709767,19.999595122448,NaN,NaN,NaN,NaN,NaN
185489.949981928,24.0721990072875,20.0003356146235,NaN,NaN,NaN,NaN,NaN
185826.151886225,24.1285415248015,19.9999599932085,NaN,NaN,NaN,NaN,NaN
186112.398956537,24.1122302383597,19.9998133728264,NaN,NaN,NaN,NaN,NaN
186363.398956537,24.19359329511,20.0005637449317,NaN,NaN,NaN,NaN,NaN
