time_s,temperature_c,heat_flow_w,heat_j,normalized_heat_flow_w_g,normalized_heat_j_g,sample,sample_short,temperature_ambientt_therm3t_c,temperature_temperature_c,comments_nan
3618.61163687706,20.0,0.005615443248872831,201.5713505483948,0.0014038608122182077,50.3928376370987,/home/torben/LRZ Sync+Share/0_TUM/10_Coding/0_publications/11_retarders_aleks/data/calo_data/JAA_CAL371.csv,JAA_CAL371,,,
3655.82355093956,20.0,0.005521775849377289,201.77856916838448,0.0013804439623443221,50.44464229209612,/home/torben/LRZ Sync+Share/0_TUM/10_Coding/0_publications/11_retarders_aleks/data/calo_data/JAA_CAL371.csv,JAA_CAL371,,,
3689.20734000206,20.0,0.005439883786213902,201.9615400349092,0.0013599709465534754,50.4903850087273,/home/torben/LRZ Sync+Share/0_TUM/10_Coding/0_publications/11_retarders_aleks/data/calo_data/JAA_CAL371.csv,JAA_CAL371,,,
3711.58917593956,20.0,0.005386244594255141,202.08269434953422,0.0013465611485637852,50.520673587383556,/home/torben/LRZ Sync+Share/0_TUM/10_Coding/0_publications/11_retarders_aleks/data/calo_data/JAA_CAL371.csv,JAA_CAL371,,,
3750.49054312706,20.0,0.005295432054198937,202.29046026227402,0.0013238580135497343,50.572615065568506,/home/torben/LRZ Sync+Share/0_TUM/10_Coding/0_publications/11_retarders_aleks/data/calo_data/JAA_CAL371.csv,JAA_CAL371,,,
3793.53351187706,20.0,0.005197518597489837,202.516284135772,0.0012993796493724593,50.629071033943,/home/torben/LRZ Sync+Share/0_TUM/10_Coding/0_publications/11_retarders_aleks/data/calo_data/JAA_CAL371.csv,JAA_CAL371,,,
3840.38653922081,20.0,0.005095461877429118,202.757412783592,0.0012738654693572795,50.689353195898,/home/torben/LRZ Sync+Share/0_TUM/10_Coding/0_publications/11_retarders_aleks/data/calo_data/JAA_CAL371.csv,JAA_CAL371,,,
3886.52960562706,20.0,0.0049972702362445975,202.99026758766288,0.0012493175590611494,50.74756689691572,/home/torben/LRZ Sync+Share/0_TUM/10_Coding/0_publications/11_retarders_aleks/data/calo_data/JAA_CAL371.csv,JAA_CAL371,,,
3925.19757437706,19.999999999999996,0.004918424242186654,203.18197746977611,0.0012296060605466634,50.79549436744403,/home/torben/LRZ Sync+Share/0_TUM/10_Coding/0_publications/11_retarders_aleks/data/calo_data/JAA_CAL371.csv,JAA_CAL371,,,
3967.42413687706,20.0,0.0048342846357871125,203.38788915526615,0.0012085711589467781,50.84697228881654,/home/torben/LRZ Sync+Share/0_TUM/10_Coding/0_publications/11_retarders_aleks/data/calo_data/JAA_CAL371.csv,JAA_CAL371,,,
4000.86749625206,20.0,0.00477002556976023,203.5484893541427,0.0011925063924400575,50.887122338535676,/home/torben/LRZ Sync+Share/0_TUM/10_Coding/0_publications/11_retarders_aleks/data/calo_data/JAA_CAL371.csv,JAA_CAL371,,,
4028.64679312706,20.0,0.004716724817946403,203.68025698184226,0.0011791812044866007,50.920064245460566,/home/torben/LRZ Sync+Share/0_TUM/10_Coding/0_publications/11_retarders_aleks/data/calo_data/JAA_CAL371.csv,JAA_CAL371,,,
4071.89484000206,20.0,0.0046370818842157765,203.88252391719965,0.0011592704710539441,50.97063097929991,/home/torben/LRZ Sync+Share/0_TUM/10_Coding/0_publications/11_retarders_aleks/data/calo_data/JAA_CAL371.csv,JAA_CAL371,,,
4104.90851187706,20.0,0.004578104106409516,204.03463748048046,0.001144526026602379,51.008659370120114,/home/torben/LRZ Sync+Share/0_TUM/10_Coding/0_publications/11_retarders_aleks/data/calo_data/JAA_CAL371.csv,JAA_CAL371,,,
4157.60284781456,20.0,0.004486009679754956,204.27345120889242,0.001121502419938739,51.068362802223106,/home/torben/LRZ Sync+Share/0_TUM/10_Coding/0_publications/11_retarders_aleks/data/calo_data/JAA_CAL371.csv,JAA_CAL371,,,
4222.81671500206,20.0,0.004377536304193889,204.56246426419617,0.0010943840760484723,51.14061606604904,/home/torben/LRZ Sync+Share/0_TUM/10_Coding/0_publications/11_retarders_aleks/data/calo_data/JAA_CAL371.csv,JAA_CAL371,,,
4273.08526968956,20.0,0.004296655193407207,204.78048379902967,0.0010741637983518017,51.19512094975742,/home/torben/LRZ Sync+Share/0_TUM/10_Coding/0_publications/11_retarders_aleks/data/calo_data/JAA_CAL371.csv,JAA_CAL371,,,
4321.69757437706,20.0,0.004221061907596804,204.98751672850761,0.001055265476899201,51.246879182126904,/home/torben/LRZ Sync+Share/0_TUM/10_Coding/0_publications/11_retarders_aleks/data/calo_data/JAA_CAL371.csv,JAA_CAL371,,,
4363.18634390831,20.0,0.004158021986428705,205.16133566878875,0.0010395054966071762,51.29033391719719,/home/torben/LRZ Sync+Share/0_TUM/10_Coding/0_publications/11_retarders_aleks/data/calo_data/JAA_CAL371.csv,JAA_CAL371,,,
4402.46124625206,19.999999999999996,0.004100570888924863,205.32351338312688,0.0010251427222312157,51.33087834578172,/home/torben/LRZ Sync+Share/0_TUM/10_Coding/0_publications/11_retarders_aleks/data/calo_data/JAA_CAL371.csv,JAA_CAL371,,,
4435.05499625206,20.0,0.0040529446368616495,205.45639020646118,0.0010132361592154124,51.364097551615295,/home/torben/LRZ Sync+Share/0_TUM/10_Coding/0_publications/11_retarders_aleks/data/calo_data/JAA_CAL371.csv,JAA_CAL371,,,
4503.769473791122,19.999999999999996,0.003957211488359665,205.73159705303664,0.0009893028720899162,51.43289926325916,/home/torben/LRZ Sync+Share/0_TUM/10_Coding/0_publications/11_retarders_aleks/data/calo_data/JAA_CAL371.csv,JAA_CAL371,,,
4557.36359000206,20.0,0.0038853899730902056,205.94175570009716,0.0009713474932725514,51.48543892502429,/home/torben/LRZ Sync+Share/0_TUM/10_Coding/0_publications/11_retarders_aleks/data/calo_data/JAA_CAL371.csv,JAA_CAL371,,,
4581.83526968956,19.999999999999996,0.0038539760720085335,206.03645334351714,0.0009634940180021334,51.509113335879285,/home/torben/LRZ Sync+Share/0_TUM/10_Coding/0_publications/11_retarders_aleks/data/calo_data/JAA_CAL371.csv,JAA_CAL371,,,
4608.89874625206,20.0,0.00381890235771234,206.14028072629196,0.000954725589428085,51.53507018157299,/home/torben/LRZ Sync+Share/0_TUM/10_Coding/0_publications/11_retarders_aleks/data/calo_data/JAA_CAL371.csv,JAA_CAL371,,,
4638.34405875206,20.0,0.0037823278620224745,206.2521910258942,0.0009455819655056186,51.56304775647355,/home/torben/LRZ Sync+Share/0_TUM/10_Coding/0_publications/11_retarders_aleks/data/calo_data/JAA_CAL371.csv,JAA_CAL371,,,
4658.36359000206,20.0,0.003757359004387444,206.32766152431287,0.000939339751096861,51.58191538107822,/home/torben/LRZ Sync+Share/0_TUM/10_Coding/0_publications/11_retarders_aleks/data/calo_data/JAA_CAL371.csv,JAA_CAL371,,,
4685.52569937706,20.000000000000004,0.003725250515701472,206.4292832534104,0.000931312628925368,51.6073208133526,/home/torben/LRZ Sync+Share/0_TUM/10_Coding/0_publications/11_retarders_aleks/data/calo_data/JAA_CAL371.csv,JAA_CAL371,,,
4709.53741812706,20.0,0.0036962879267213224,206.51838520029628,0.0009240719816803306,51.62959630007407,/home/torben/LRZ Sync+Share/0_TUM/10_Coding/0_publications/11_retarders_aleks/data/calo_data/JAA_CAL371.csv,JAA_CAL371,,,
4756.66144156456,19.999999999999996,0.003641104147377301,206.69126891833125,0.0009102760368443252,51.67281722958281,/home/torben/LRZ Sync+Share/0_TUM/10_Coding/0_publications/11_retarders_aleks/data/calo_data/JAA_CAL371.csv,JAA_CAL371,,,
4800.74835562706,20.0,0.0035910953558670505,206.85069159732245,0.0008977738389667626,51.71267289933061,/home/torben/LRZ Sync+Share/0_TUM/10_Coding/0_publications/11_retarders_aleks/data/calo_data/JAA_CAL371.csv,JAA_CAL371,,,
4856.841251134872,20.0,0.0035297906768495895,207.05040715540056,0.0008824476692123974,51.76260178885014,/home/torben/LRZ Sync+Share/0_TUM/10_Coding/0_publications/11_retarders_aleks/data/calo_data/JAA_CAL371.csv,JAA_CAL371,,,
4930.10968375206,20.0,0.0034530888392433315,207.30621947404995,0.0008632722098108329,51.82655486851249,/home/torben/LRZ Sync+Share/0_TUM/10_Coding/0_publications/11_retarders_aleks/data/calo_data/JAA_CAL371.csv,JAA_CAL371,,,
4984.601138830185,20.0,0.0033979328396658176,207.49288054407774,0.0008494832099164544,51.873220136019434,/home/torben/LRZ Sync+Share/0_TUM/10_Coding/0_publications/11_retarders_aleks/data/calo_data/JAA_CAL371.csv,JAA_CAL371,,,
5072.99689078331,20.0,0.003312733557616997,207.78947774522493,0.0008281833894042492,51.94736943630623,/home/torben/LRZ Sync+Share/0_TUM/10_Coding/0_publications/11_retarders_aleks/data/calo_data/JAA_CAL371.csv,JAA_CAL371,,,
5122.46319937706,20.0,0.0032668729617441436,207.952212168481,0.0008167182404360359,51.98805304212025,/home/torben/LRZ Sync+Share/0_TUM/10_Coding/0_publications/11_retarders_aleks/data/calo_data/JAA_CAL371.csv,JAA_CAL371,,,
5151.736026525497,20.0,0.0032400359401974304,208.0474499782596,0.0008100089850493576,52.0118624945649,/home/torben/LRZ Sync+Share/0_TUM/10_Coding/0_publications/11_retarders_aleks/data/calo_data/JAA_CAL371.csv,JAA_CAL371,,,
5209.86359000206,20.0,0.0031892660684354167,208.23430980856799,0.0007973165171088542,52.058577452141996,/home/torben/LRZ Sync+Share/0_TUM/10_Coding/0_publications/11_retarders_aleks/data/calo_data/JAA_CAL371.csv,JAA_CAL371,,,
5231.98077750206,20.0,0.0031707983396867547,208.30464317708126,0.0007926995849216887,52.076160794270315,/home/torben/LRZ Sync+Share/0_TUM/10_Coding/0_publications/11_retarders_aleks/data/calo_data/JAA_CAL371.csv,JAA_CAL371,,,
5268.27081656456,20.0,0.003139463661578515,208.41914300434152,0.0007848659153946287,52.10478575108538,/home/torben/LRZ Sync+Share/0_TUM/10_Coding/0_publications/11_retarders_aleks/data/calo_data/JAA_CAL371.csv,JAA_CAL371,,,
5328.892154455185,20.0,0.0030892442922535357,208.60793930908716,0.0007723110730633839,52.15198482727179,/home/torben/LRZ Sync+Share/0_TUM/10_Coding/0_publications/11_retarders_aleks/data/calo_data/JAA_CAL371.csv,JAA_CAL371,,,
5361.25421500206,20.0,0.0030638059333670544,208.7075020010619,0.0007659514833417636,52.176875500265474,/home/torben/LRZ Sync+Share/0_TUM/10_Coding/0_publications/11_retarders_aleks/data/calo_data/JAA_CAL371.csv,JAA_CAL371,,,
5387.87921500206,20.0,0.003042138323487594,208.7887873839813,0.0007605345808718985,52.19719684599532,/home/torben/LRZ Sync+Share/0_TUM/10_Coding/0_publications/11_retarders_aleks/data/calo_data/JAA_CAL371.csv,JAA_CAL371,,,
5424.45734000206,20.0,0.0030140109418255808,208.89954867640392,0.0007535027354563952,52.22488716910098,/home/torben/LRZ Sync+Share/0_TUM/10_Coding/0_publications/11_retarders_aleks/data/calo_data/JAA_CAL371.csv,JAA_CAL371,,,
5478.61505484581,20.0,0.0029724099314787584,209.06165411369946,0.0007431024828696896,52.265413528424865,/home/torben/LRZ Sync+Share/0_TUM/10_Coding/0_publications/11_retarders_aleks/data/calo_data/JAA_CAL371.csv,JAA_CAL371,,,
5557.19220328331,20.0,0.0029152060627657787,209.29297015166085,0.0007288015156914447,52.32324253791521,/home/torben/LRZ Sync+Share/0_TUM/10_Coding/0_publications/11_retarders_aleks/data/calo_data/JAA_CAL371.csv,JAA_CAL371,,,
5605.45734000206,20.0,0.0028808125919385164,209.4328429680577,0.0007202031479846291,52.35821074201443,/home/torben/LRZ Sync+Share/0_TUM/10_Coding/0_publications/11_retarders_aleks/data/calo_data/JAA_CAL371.csv,JAA_CAL371,,,
5623.63312125206,20.0,0.002867730975006586,209.48508510324714,0.0007169327437516465,52.371271275811786,/home/torben/LRZ Sync+Share/0_TUM/10_Coding/0_publications/11_retarders_aleks/data/calo_data/JAA_CAL371.csv,JAA_CAL371,,,
5666.187076330185,20.0,0.002838948575551972,209.60650599586702,0.000709737143887993,52.401626498966756,/home/torben/LRZ Sync+Share/0_TUM/10_Coding/0_publications/11_retarders_aleks/data/calo_data/JAA_CAL371.csv,JAA_CAL371,,,
5750.32452750206,20.0,0.002782871519206285,209.8430088027269,0.0006957178798015712,52.460752200681725,/home/torben/LRZ Sync+Share/0_TUM/10_Coding/0_publications/11_retarders_aleks/data/calo_data/JAA_CAL371.csv,JAA_CAL371,,,
5766.36359000206,20.0,0.002772957841275593,209.88756394990295,0.0006932394603188982,52.47189098747574,/home/torben/LRZ Sync+Share/0_TUM/10_Coding/0_publications/11_retarders_aleks/data/calo_data/JAA_CAL371.csv,JAA_CAL371,,,
5824.166568517685,20.0,0.0027357144868886316,210.0467727840202,0.0006839286217221579,52.51169319600505,/home/torben/LRZ Sync+Share/0_TUM/10_Coding/0_publications/11_retarders_aleks/data/calo_data/JAA_CAL371.csv,JAA_CAL371,,,
5877.52179312706,19.999999999999996,0.0027029368324465856,210.19186301537778,0.0006757342081116464,52.547965753844444,/home/torben/LRZ Sync+Share/0_TUM/10_Coding/0_publications/11_retarders_aleks/data/calo_data/JAA_CAL371.csv,JAA_CAL371,,,
5958.015811681747,20.0,0.002654493163005768,210.4074835501075,0.000663623290751442,52.60187088752687,/home/torben/LRZ Sync+Share/0_TUM/10_Coding/0_publications/11_retarders_aleks/data/calo_data/JAA_CAL371.csv,JAA_CAL371,,,
6039.01984000206,20.0,0.0026075673554951744,210.6206075997394,0.0006518918388737936,52.65515189993485,/home/torben/LRZ Sync+Share/0_TUM/10_Coding/0_publications/11_retarders_aleks/data/calo_data/JAA_CAL371.csv,JAA_CAL371,,,
6075.83136343956,20.0,0.0025869849328723324,210.71621729139468,0.0006467462332180831,52.67905432284867,/home/torben/LRZ Sync+Share/0_TUM/10_Coding/0_publications/11_retarders_aleks/data/calo_data/JAA_CAL371.csv,JAA_CAL371,,,
6105.75421500206,20.0,0.002570038759929538,210.79337371862667,0.0006425096899823845,52.69834342965667,/home/torben/LRZ Sync+Share/0_TUM/10_Coding/0_publications/11_retarders_aleks/data/calo_data/JAA_CAL371.csv,JAA_CAL371,,,
6144.18487906456,20.0,0.002549904347528432,210.89175512541757,0.000637476086882108,52.722938781354394,/home/torben/LRZ Sync+Share/0_TUM/10_Coding/0_publications/11_retarders_aleks/data/calo_data/JAA_CAL371.csv,JAA_CAL371,,,
6197.20685172081,20.0,0.0025210781625163063,211.02619187341156,0.0006302695406290766,52.75654796835289,/home/torben/LRZ Sync+Share/0_TUM/10_Coding/0_publications/11_retarders_aleks/data/calo_data/JAA_CAL371.csv,JAA_CAL371,,,
6281.80890250206,20.0,0.0024773639699443477,211.23763110097033,0.0006193409924860869,52.80940777524258,/home/torben/LRZ Sync+Share/0_TUM/10_Coding/0_publications/11_retarders_aleks/data/calo_data/JAA_CAL371.csv,JAA_CAL371,,,
6332.60187125206,20.0,0.002452600492387327,211.36283486640724,0.0006131501230968318,52.84070871660181,/home/torben/LRZ Sync+Share/0_TUM/10_Coding/0_publications/11_retarders_aleks/data/calo_data/JAA_CAL371.csv,JAA_CAL371,,,
6373.75812125206,20.0,0.0024318829154946924,211.46334837653507,0.0006079707288736731,52.86583709413377,/home/torben/LRZ Sync+Share/0_TUM/10_Coding/0_publications/11_retarders_aleks/data/calo_data/JAA_CAL371.csv,JAA_CAL371,,,
6427.67169547081,20.0,0.0024058673257130805,211.59375857987564,0.0006014668314282701,52.89843964496891,/home/torben/LRZ Sync+Share/0_TUM/10_Coding/0_publications/11_retarders_aleks/data/calo_data/JAA_CAL371.csv,JAA_CAL371,,,
6493.98566031456,20.0,0.002375041874380491,211.7522791021837,0.0005937604685951227,52.93806977554593,/home/torben/LRZ Sync+Share/0_TUM/10_Coding/0_publications/11_retarders_aleks/data/calo_data/JAA_CAL371.csv,JAA_CAL371,,,
6569.59161734581,20.0,0.0023413006669574872,211.9305708979462,0.0005853251667393718,52.98264272448655,/home/torben/LRZ Sync+Share/0_TUM/10_Coding/0_publications/11_retarders_aleks/data/calo_data/JAA_CAL371.csv,JAA_CAL371,,,
6673.23077750206,20.0,0.002295274036746672,212.17083625209304,0.000573818509186668,53.04270906302326,/home/torben/LRZ Sync+Share/0_TUM/10_Coding/0_publications/11_retarders_aleks/data/calo_data/JAA_CAL371.csv,JAA_CAL371,,,
6699.63702750206,20.0,0.0022846369572344367,212.23130538943545,0.0005711592393086092,53.05782634735886,/home/torben/LRZ Sync+Share/0_TUM/10_Coding/0_publications/11_retarders_aleks/data/calo_data/JAA_CAL371.csv,JAA_CAL371,,,
6733.79230093956,20.0,0.0022700567616414915,212.30908879413158,0.0005675141904103729,53.077272198532896,/home/torben/LRZ Sync+Share/0_TUM/10_Coding/0_publications/11_retarders_aleks/data/calo_data/JAA_CAL371.csv,JAA_CAL371,,,
6766.56476187706,20.0,0.0022567235974373773,212.38326566037688,0.0005641808993593443,53.09581641509422,/home/torben/LRZ Sync+Share/0_TUM/10_Coding/0_publications/11_retarders_aleks/data/calo_data/JAA_CAL371.csv,JAA_CAL371,,,
6801.72345328331,20.0,0.00224158344054829,212.46234295487642,0.0005603958601370725,53.115585738719105,/home/torben/LRZ Sync+Share/0_TUM/10_Coding/0_publications/11_retarders_aleks/data/calo_data/JAA_CAL371.csv,JAA_CAL371,,,
6871.74591422081,20.0,0.0022139862162723883,212.61833793100095,0.0005534965540680971,53.15458448275024,/home/torben/LRZ Sync+Share/0_TUM/10_Coding/0_publications/11_retarders_aleks/data/calo_data/JAA_CAL371.csv,JAA_CAL371,,,
6954.59796500206,20.0,0.002181434544951905,212.8004227430579,0.0005453586362379763,53.20010568576448,/home/torben/LRZ Sync+Share/0_TUM/10_Coding/0_publications/11_retarders_aleks/data/calo_data/JAA_CAL371.csv,JAA_CAL371,,,
7030.91925406456,20.0,0.0021531237864097523,212.96583228274096,0.0005382809466024381,53.24145807068524,/home/torben/LRZ Sync+Share/0_TUM/10_Coding/0_publications/11_retarders_aleks/data/calo_data/JAA_CAL371.csv,JAA_CAL371,,,
7104.95196890831,20.0,0.0021259373031225354,213.1242275374611,0.0005314843257806338,53.28105688436528,/home/torben/LRZ Sync+Share/0_TUM/10_Coding/0_publications/11_retarders_aleks/data/calo_data/JAA_CAL371.csv,JAA_CAL371,,,
7223.36359000206,20.0,0.0020842091329988364,213.3734926697327,0.0005210522832497091,53.34337316743318,/home/torben/LRZ Sync+Share/0_TUM/10_Coding/0_publications/11_retarders_aleks/data/calo_data/JAA_CAL371.csv,JAA_CAL371,,,
7237.14484000206,20.0,0.0020799508381970345,213.40218633453424,0.0005199877095492586,53.35054658363356,/home/torben/LRZ Sync+Share/0_TUM/10_Coding/0_publications/11_retarders_aleks/data/calo_data/JAA_CAL371.csv,JAA_CAL371,,,
7349.96954703331,20.0,0.0020417939405393197,213.63470365809349,0.0005104484851348299,53.40867591452337,/home/torben/LRZ Sync+Share/0_TUM/10_Coding/0_publications/11_retarders_aleks/data/calo_data/JAA_CAL371.csv,JAA_CAL371,,,
7537.656375646591,20.0,0.0019823521729815012,214.01234326905507,0.0004955880432453753,53.503085817263766,/home/torben/LRZ Sync+Share/0_TUM/10_Coding/0_publications/11_retarders_aleks/data/calo_data/JAA_CAL371.csv,JAA_CAL371,,,
7577.70538687706,20.0,0.001970548337329252,214.09149814752024,0.000492637084332313,53.52287453688006,/home/torben/LRZ Sync+Share/0_TUM/10_Coding/0_publications/11_retarders_aleks/data/calo_data/JAA_CAL371.csv,JAA_CAL371,,,
7597.87921500206,20.0,0.0019638515837618682,214.1311841014118,0.0004909628959404671,53.53279602535295,/home/torben/LRZ Sync+Share/0_TUM/10_Coding/0_publications/11_retarders_aleks/data/calo_data/JAA_CAL371.csv,JAA_CAL371,,,
7650.17853140831,20.0,0.0019486821236584485,214.23349552056902,0.0004871705309146121,53.558373880142256,/home/torben/LRZ Sync+Share/0_TUM/10_Coding/0_publications/11_retarders_aleks/data/calo_data/JAA_CAL371.csv,JAA_CAL371,,,
7706.67609000206,20.0,0.0019323156108363626,214.34312896902244,0.00048307890270909065,53.58578224225561,/home/torben/LRZ Sync+Share/0_TUM/10_Coding/0_publications/11_retarders_aleks/data/calo_data/JAA_CAL371.csv,JAA_CAL371,,,
7755.52228140831,20.0,0.0019191296702177683,214.43719318571698,0.0004797824175544421,53.609298296429245,/home/torben/LRZ Sync+Share/0_TUM/10_Coding/0_publications/11_retarders_aleks/data/calo_data/JAA_CAL371.csv,JAA_CAL371,,,
7838.06671500206,20.0,0.0018954267694864194,214.5946283860804,0.00047385669237160486,53.6486570965201,/home/torben/LRZ Sync+Share/0_TUM/10_Coding/0_publications/11_retarders_aleks/data/calo_data/JAA_CAL371.csv,JAA_CAL371,,,
7982.28741812706,20.0,0.0018563334318475828,214.8652041437914,0.0004640833579618957,53.71630103594785,/home/torben/LRZ Sync+Share/0_TUM/10_Coding/0_publications/11_retarders_aleks/data/calo_data/JAA_CAL371.csv,JAA_CAL371,,,
8012.78546500206,20.0,0.0018486621122937117,214.92170170767986,0.0004621655280734279,53.730425426919965,/home/torben/LRZ Sync+Share/0_TUM/10_Coding/0_publications/11_retarders_aleks/data/calo_data/JAA_CAL371.csv,JAA_CAL371,,,
8062.43780875206,20.0,0.001836103367357461,215.01318032879675,0.00045902584183936526,53.75329508219919,/home/torben/LRZ Sync+Share/0_TUM/10_Coding/0_publications/11_retarders_aleks/data/calo_data/JAA_CAL371.csv,JAA_CAL371,,,
8120.45294547081,20.0,0.001821006223093817,215.1192486217304,0.00045525155577345427,53.7798121554326,/home/torben/LRZ Sync+Share/0_TUM/10_Coding/0_publications/11_retarders_aleks/data/calo_data/JAA_CAL371.csv,JAA_CAL371,,,
8143.73859000206,20.0,0.001814700420511687,215.16157850799183,0.00045367510512792173,53.79039462699796,/home/torben/LRZ Sync+Share/0_TUM/10_Coding/0_publications/11_retarders_aleks/data/calo_data/JAA_CAL371.csv,JAA_CAL371,,,
8161.12921500206,19.999999999999996,0.0018107319928551099,215.1931027757737,0.00045268299821377747,53.798275693943424,/home/torben/LRZ Sync+Share/0_TUM/10_Coding/0_publications/11_retarders_aleks/data/calo_data/JAA_CAL371.csv,JAA_CAL371,,,
8275.92218375206,20.0,0.0017828467562338052,215.39934190872216,0.0004457116890584513,53.84983547718054,/home/torben/LRZ Sync+Share/0_TUM/10_Coding/0_publications/11_retarders_aleks/data/calo_data/JAA_CAL371.csv,JAA_CAL371,,,
8296.34015250206,20.0,0.001777513928723091,215.43568957532423,0.00044437848218077273,53.85892239383106,/home/torben/LRZ Sync+Share/0_TUM/10_Coding/0_publications/11_retarders_aleks/data/calo_data/JAA_CAL371.csv,JAA_CAL371,,,
8348.30353140831,20.0,0.0017654591314270464,215.52774200111384,0.0004413647828567616,53.88193550027846,/home/torben/LRZ Sync+Share/0_TUM/10_Coding/0_publications/11_retarders_aleks/data/calo_data/JAA_CAL371.csv,JAA_CAL371,,,
8467.89679312706,20.0,0.00173833430627975,215.73722457872324,0.0004345835765699375,53.93430614468081,/home/torben/LRZ Sync+Share/0_TUM/10_Coding/0_publications/11_retarders_aleks/data/calo_data/JAA_CAL371.csv,JAA_CAL371,,,
8504.92609000206,20.0,0.0017294531666306972,215.80142944464015,0.0004323632916576743,53.95035736116004,/home/torben/LRZ Sync+Share/0_TUM/10_Coding/0_publications/11_retarders_aleks/data/calo_data/JAA_CAL371.csv,JAA_CAL371,,,
8646.71124625206,20.0,0.0016982483469555147,216.04445264454313,0.0004245620867388787,54.01111316113578,/home/torben/LRZ Sync+Share/0_TUM/10_Coding/0_publications/11_retarders_aleks/data/calo_data/JAA_CAL371.csv,JAA_CAL371,,,
8701.647525548935,19.999999999999996,0.0016873672171860733,216.1374492056549,0.00042184180429651833,54.03436230141372,/home/torben/LRZ Sync+Share/0_TUM/10_Coding/0_publications/11_retarders_aleks/data/calo_data/JAA_CAL371.csv,JAA_CAL371,,,
8824.26984000206,20.0,0.001661565809483158,216.34273874955394,0.0004153914523707895,54.085684687388486,/home/torben/LRZ Sync+Share/0_TUM/10_Coding/0_publications/11_retarders_aleks/data/calo_data/JAA_CAL371.csv,JAA_CAL371,,,
8873.98859000206,20.0,0.001651593628902574,216.42508890331567,0.0004128984072256435,54.10627222582892,/home/torben/LRZ Sync+Share/0_TUM/10_Coding/0_publications/11_retarders_aleks/data/calo_data/JAA_CAL371.csv,JAA_CAL371,,,
8933.36359000206,20.0,0.0016400281748597618,216.52278961918327,0.00041000704371494046,54.13069740479582,/home/torben/LRZ Sync+Share/0_TUM/10_Coding/0_publications/11_retarders_aleks/data/calo_data/JAA_CAL371.csv,JAA_CAL371,,,
8998.125552892685,20.0,0.0016269721207590295,216.62857829513754,0.00040674303018975737,54.157144573784386,/home/torben/LRZ Sync+Share/0_TUM/10_Coding/0_publications/11_retarders_aleks/data/calo_data/JAA_CAL371.csv,JAA_CAL371,,,
9158.27374625206,20.0,0.0015963116650899987,216.88669232431135,0.0003990779162724997,54.22167308107784,/home/torben/LRZ Sync+Share/0_TUM/10_Coding/0_publications/11_retarders_aleks/data/calo_data/JAA_CAL371.csv,JAA_CAL371,,,
9373.19171500206,19.999999999999996,0.0015583927481491104,217.22562465636403,0.0003895981870372776,54.30640616409101,/home/torben/LRZ Sync+Share/0_TUM/10_Coding/0_publications/11_retarders_aleks/data/calo_data/JAA_CAL371.csv,JAA_CAL371,,,
9479.60187125206,20.0,0.0015403844387680212,217.39046263137865,0.0003850961096920053,54.34761565784466,/home/torben/LRZ Sync+Share/0_TUM/10_Coding/0_publications/11_retarders_aleks/data/calo_data/JAA_CAL371.csv,JAA_CAL371,,,
9546.86359000206,20.0,0.001528930495959803,217.4936794965558,0.00038223262398995073,54.37341987413895,/home/torben/LRZ Sync+Share/0_TUM/10_Coding/0_publications/11_retarders_aleks/data/calo_data/JAA_CAL371.csv,JAA_CAL371,,,
9682.80792593956,20.0,0.0015068395097078528,217.69994908354118,0.0003767098774269632,54.424987270885296,/home/torben/LRZ Sync+Share/0_TUM/10_Coding/0_publications/11_retarders_aleks/data/calo_data/JAA_CAL371.csv,JAA_CAL371,,,
9831.089465856552,20.0,0.0014829117487846844,217.92157650056654,0.0003707279371961711,54.480394125141636,/home/torben/LRZ Sync+Share/0_TUM/10_Coding/0_publications/11_retarders_aleks/data/calo_data/JAA_CAL371.csv,JAA_CAL371,,,
10117.63702750206,20.0,0.0014402346633645101,218.34029981361937,0.00036005866584112753,54.58507495340484,/home/torben/LRZ Sync+Share/0_TUM/10_Coding/0_publications/11_retarders_aleks/data/calo_data/JAA_CAL371.csv,JAA_CAL371,,,
10249.25714468956,20.0,0.0014211089087890069,218.5286140267086,0.0003552772271972517,54.63215350667715,/home/torben/LRZ Sync+Share/0_TUM/10_Coding/0_publications/11_retarders_aleks/data/calo_data/JAA_CAL371.csv,JAA_CAL371,,,
10388.79571890831,20.0,0.001402854392179761,218.72559142784564,0.00035071359804494023,54.68139785696141,/home/torben/LRZ Sync+Share/0_TUM/10_Coding/0_publications/11_retarders_aleks/data/calo_data/JAA_CAL371.csv,JAA_CAL371,,,
10987.09991812706,20.0,0.001327214394943329,219.54167037603392,0.00033180359873583227,54.88541759400848,/home/torben/LRZ Sync+Share/0_TUM/10_Coding/0_publications/11_retarders_aleks/data/calo_data/JAA_CAL371.csv,JAA_CAL371,,,
11290.57843375206,20.0,0.0012932649786913596,219.9393065519013,0.0003233162446728399,54.984826637975324,/home/torben/LRZ Sync+Share/0_TUM/10_Coding/0_publications/11_retarders_aleks/data/calo_data/JAA_CAL371.csv,JAA_CAL371,,,
11582.878970861435,19.999999999999996,0.0012616341608918153,220.3127955352989,0.0003154085402229538,55.078198883824726,/home/torben/LRZ Sync+Share/0_TUM/10_Coding/0_publications/11_retarders_aleks/data/calo_data/JAA_CAL371.csv,JAA_CAL371,,,
11978.27374625206,20.0,0.0012232336285974462,220.804107856708,0.00030580840714936156,55.201026964177,/home/torben/LRZ Sync+Share/0_TUM/10_Coding/0_publications/11_retarders_aleks/data/calo_data/JAA_CAL371.csv,JAA_CAL371,,,
12242.35138297081,20.000000000000004,0.0011994966978691715,221.12403159281186,0.0002998741744672929,55.281007898202965,/home/torben/LRZ Sync+Share/0_TUM/10_Coding/0_publications/11_retarders_aleks/data/calo_data/JAA_CAL371.csv,JAA_CAL371,,,
12533.99054312706,20.000000000000004,0.0011746831235752635,221.47009234333385,0.00029367078089381586,55.36752308583346,/home/torben/LRZ Sync+Share/0_TUM/10_Coding/0_publications/11_retarders_aleks/data/calo_data/JAA_CAL371.csv,JAA_CAL371,,,
12847.31622672081,20.0,0.0011490888415344284,221.8340379086516,0.0002872722103836071,55.4585094771629,/home/torben/LRZ Sync+Share/0_TUM/10_Coding/0_publications/11_retarders_aleks/data/calo_data/JAA_CAL371.csv,JAA_CAL371,,,
13160.73517203331,20.0,0.0011246732356006426,222.19042003801408,0.00028116830890016065,55.54760500950352,/home/torben/LRZ Sync+Share/0_TUM/10_Coding/0_publications/11_retarders_aleks/data/calo_data/JAA_CAL371.csv,JAA_CAL371,,,
14033.99640250206,20.0,0.0010652174800892084,223.145933258172,0.0002663043700223021,55.786483314543,/home/torben/LRZ Sync+Share/0_TUM/10_Coding/0_publications/11_retarders_aleks/data/calo_data/JAA_CAL371.csv,JAA_CAL371,,,
14636.967715978622,20.0,0.0010288471273884223,223.77706594374763,0.0002572117818471056,55.94426648593691,/home/torben/LRZ Sync+Share/0_TUM/10_Coding/0_publications/11_retarders_aleks/data/calo_data/JAA_CAL371.csv,JAA_CAL371,,,
15057.45343375206,20.0,0.0010059190571021105,224.20465107487962,0.0002514797642755276,56.051162768719905,/home/torben/LRZ Sync+Share/0_TUM/10_Coding/0_publications/11_retarders_aleks/data/calo_data/JAA_CAL371.csv,JAA_CAL371,,,
15451.612796545029,20.000000000000004,0.000985010244558523,224.59691493076446,0.0002462525611396308,56.149228732691114,/home/torben/LRZ Sync+Share/0_TUM/10_Coding/0_publications/11_retarders_aleks/data/calo_data/JAA_CAL371.csv,JAA_CAL371,,,
15944.91827750206,19.999999999999996,0.0009608583773566238,225.0767361179744,0.00024021459433915595,56.2691840294936,/home/torben/LRZ Sync+Share/0_TUM/10_Coding/0_publications/11_retarders_aleks/data/calo_data/JAA_CAL371.csv,JAA_CAL371,,,
16476.36359000206,20.0,0.0009371847752740557,225.58079465058944,0.0002342961938185139,56.39519866264736,/home/torben/LRZ Sync+Share/0_TUM/10_Coding/0_publications/11_retarders_aleks/data/calo_data/JAA_CAL371.csv,JAA_CAL371,,,
17071.17706656456,20.0,0.00091345469980585,226.1309167806781,0.0002283636749514625,56.53272919516952,/home/torben/LRZ Sync+Share/0_TUM/10_Coding/0_publications/11_retarders_aleks/data/calo_data/JAA_CAL371.csv,JAA_CAL371,,,
17933.430728673935,20.0,0.0008823829442570842,226.9046391443291,0.00022059573606427106,56.72615978608228,/home/torben/LRZ Sync+Share/0_TUM/10_Coding/0_publications/11_retarders_aleks/data/calo_data/JAA_CAL371.csv,JAA_CAL371,,,
18944.651920080185,19.999999999999996,0.000851013102328299,227.78049117427466,0.00021275327558207475,56.945122793568665,/home/torben/LRZ Sync+Share/0_TUM/10_Coding/0_publications/11_retarders_aleks/data/calo_data/JAA_CAL371.csv,JAA_CAL371,,,
19444.17609000206,20.0,0.0008378779373030423,228.20216910658152,0.00020946948432576056,57.05054227664538,/home/torben/LRZ Sync+Share/0_TUM/10_Coding/0_publications/11_retarders_aleks/data/calo_data/JAA_CAL371.csv,JAA_CAL371,,,
19832.39484000206,20.0,0.0008284394239164355,228.52541561644816,0.00020710985597910888,57.13135390411204,/home/torben/LRZ Sync+Share/0_TUM/10_Coding/0_publications/11_retarders_aleks/data/calo_data/JAA_CAL371.csv,JAA_CAL371,,,
20158.03058218956,20.0,0.0008197799678729677,228.79369153186468,0.00020494499196824193,57.19842288296617,/home/torben/LRZ Sync+Share/0_TUM/10_Coding/0_publications/11_retarders_aleks/data/calo_data/JAA_CAL371.csv,JAA_CAL371,,,
20421.18097281456,20.0,0.000815597770568531,229.00888208230333,0.00020389944264213275,57.25222052057583,/home/torben/LRZ Sync+Share/0_TUM/10_Coding/0_publications/11_retarders_aleks/data/calo_data/JAA_CAL371.csv,JAA_CAL371,,,
20678.36359000206,20.0,0.0008116453877492376,229.2179754986315,0.0002029113469373094,57.30449387465787,/home/torben/LRZ Sync+Share/0_TUM/10_Coding/0_publications/11_retarders_aleks/data/calo_data/JAA_CAL371.csv,JAA_CAL371,,,
20833.49151968956,20.0,0.0008092589692921952,229.34368347326784,0.0002023147423230488,57.33592086831696,/home/torben/LRZ Sync+Share/0_TUM/10_Coding/0_publications/11_retarders_aleks/data/calo_data/JAA_CAL371.csv,JAA_CAL371,,,
21002.172549962997,20.0,0.0008089536211857286,229.48015128025162,0.00020223840529643214,57.370037820062905,/home/torben/LRZ Sync+Share/0_TUM/10_Coding/0_publications/11_retarders_aleks/data/calo_data/JAA_CAL371.csv,JAA_CAL371,,,
21151.87140250206,20.0,0.0008095949472902472,229.60123533347718,0.0002023987368225618,57.400308833369294,/home/torben/LRZ Sync+Share/0_TUM/10_Coding/0_publications/11_retarders_aleks/data/calo_data/JAA_CAL371.csv,JAA_CAL371,,,
21244.422549962997,20.0,0.0008113628293956615,229.67622133972716,0.00020284070734891536,57.41905533493179,/home/torben/LRZ Sync+Share/0_TUM/10_Coding/0_publications/11_retarders_aleks/data/calo_data/JAA_CAL371.csv,JAA_CAL371,,,
21406.118350744247,20.0,0.0008162600163040835,229.8077883266937,0.00020406500407602087,57.451947081673424,/home/torben/LRZ Sync+Share/0_TUM/10_Coding/0_publications/11_retarders_aleks/data/calo_data/JAA_CAL371.csv,JAA_CAL371,,,
21648.42218375206,19.999999999999996,0.0008189871549588824,230.0059330466926,0.0002047467887397206,57.50148326167315,/home/torben/LRZ Sync+Share/0_TUM/10_Coding/0_publications/11_retarders_aleks/data/calo_data/JAA_CAL371.csv,JAA_CAL371,,,
21725.913638830185,20.0,0.0008202239021460081,230.0694729046146,0.00020505597553650202,57.51736822615365,/home/torben/LRZ Sync+Share/0_TUM/10_Coding/0_publications/11_retarders_aleks/data/calo_data/JAA_CAL371.csv,JAA_CAL371,,,
21845.51935172081,20.0,0.0008222695525973675,230.167698704901,0.00020556738814934188,57.54192467622525,/home/torben/LRZ Sync+Share/0_TUM/10_Coding/0_publications/11_retarders_aleks/data/calo_data/JAA_CAL371.csv,JAA_CAL371,,,
21897.48077750206,20.0,0.0008233506606590447,230.21046611692287,0.00020583766516476116,57.55261652923072,/home/torben/LRZ Sync+Share/0_TUM/10_Coding/0_publications/11_retarders_aleks/data/calo_data/JAA_CAL371.csv,JAA_CAL371,,,
21921.28155875206,20.0,0.0008241256866413986,230.2300717290012,0.00020603142166034964,57.5575179322503,/home/torben/LRZ Sync+Share/0_TUM/10_Coding/0_publications/11_retarders_aleks/data/calo_data/JAA_CAL371.csv,JAA_CAL371,,,
21963.57062125206,20.0,0.0008243429596774796,230.26492782580794,0.0002060857399193699,57.566231956451986,/home/torben/LRZ Sync+Share/0_TUM/10_Coding/0_publications/11_retarders_aleks/data/calo_data/JAA_CAL371.csv,JAA_CAL371,,,
22023.51251578331,20.000000000000004,0.0008254952789797476,230.31437504065556,0.0002063738197449369,57.57859376016389,/home/torben/LRZ Sync+Share/0_TUM/10_Coding/0_publications/11_retarders_aleks/data/calo_data/JAA_CAL371.csv,JAA_CAL371,,,
22079.65851187706,20.0,0.0008242659291364854,230.3606887838288,0.00020606648228412136,57.5901721959572,/home/torben/LRZ Sync+Share/0_TUM/10_Coding/0_publications/11_retarders_aleks/data/calo_data/JAA_CAL371.csv,JAA_CAL371,,,
22096.26984000206,20.000000000000004,0.000824211131599929,230.37438048051,0.00020605278289998226,57.5935951201275,/home/torben/LRZ Sync+Share/0_TUM/10_Coding/0_publications/11_retarders_aleks/data/calo_data/JAA_CAL371.csv,JAA_CAL371,,,
22158.70538687706,20.0,0.000822054275071916,230.4257732209935,0.000205513568767979,57.606443305248376,/home/torben/LRZ Sync+Share/0_TUM/10_Coding/0_publications/11_retarders_aleks/data/calo_data/JAA_CAL371.csv,JAA_CAL371,,,
22239.31280875206,20.000000000000004,0.0008187892157339387,230.4919053027406,0.00020469730393348468,57.62297632568515,/home/torben/LRZ Sync+Share/0_TUM/10_Coding/0_publications/11_retarders_aleks/data/calo_data/JAA_CAL371.csv,JAA_CAL371,,,
22255.69171500206,20.0,0.0008175716039700962,230.50530620296917,0.00020439290099252404,57.62632655074229,/home/torben/LRZ Sync+Share/0_TUM/10_Coding/0_publications/11_retarders_aleks/data/calo_data/JAA_CAL371.csv,JAA_CAL371,,,
22379.40167593956,20.0,0.0008099958021353833,230.60603124449344,0.00020249895053384582,57.65150781112336,/home/torben/LRZ Sync+Share/0_TUM/10_Coding/0_publications/11_retarders_aleks/data/calo_data/JAA_CAL371.csv,JAA_CAL371,,,
22417.43194937706,20.0,0.0008077679078088392,230.63679324261665,0.0002019419769522098,57.65919831065416,/home/torben/LRZ Sync+Share/0_TUM/10_Coding/0_publications/11_retarders_aleks/data/calo_data/JAA_CAL371.csv,JAA_CAL371,,,
22553.86847281456,20.0,0.0007975154757661152,230.74632036090307,0.0001993788689415288,57.68658009022577,/home/torben/LRZ Sync+Share/0_TUM/10_Coding/0_publications/11_retarders_aleks/data/calo_data/JAA_CAL371.csv,JAA_CAL371,,,
22897.997623205185,20.0,0.0007783190507336563,231.01748239417563,0.00019457976268341407,57.75437059854391,/home/torben/LRZ Sync+Share/0_TUM/10_Coding/0_publications/11_retarders_aleks/data/calo_data/JAA_CAL371.csv,JAA_CAL371,,,
23061.84015250206,20.0,0.0007705367861673807,231.14435845361882,0.00019263419654184518,57.786089613404705,/home/torben/LRZ Sync+Share/0_TUM/10_Coding/0_publications/11_retarders_aleks/data/calo_data/JAA_CAL371.csv,JAA_CAL371,,,
23361.18194937706,20.0,0.0007570986417318741,231.37283234052612,0.00018927466043296853,57.84320808513153,/home/torben/LRZ Sync+Share/0_TUM/10_Coding/0_publications/11_retarders_aleks/data/calo_data/JAA_CAL371.csv,JAA_CAL371,,,
23687.86359000206,20.0,0.0007436206934208166,231.61782356685836,0.00018590517335520415,57.90445589171459,/home/torben/LRZ Sync+Share/0_TUM/10_Coding/0_publications/11_retarders_aleks/data/calo_data/JAA_CAL371.csv,JAA_CAL371,,,
23839.31085562706,20.0,0.000739210749558114,231.7300643348612,0.0001848026873895285,57.9325160837153,/home/torben/LRZ Sync+Share/0_TUM/10_Coding/0_publications/11_retarders_aleks/data/calo_data/JAA_CAL371.csv,JAA_CAL371,,,
24030.39679312706,20.0,0.0007338009739710887,231.87080089683033,0.00018345024349277218,57.96770022420758,/home/torben/LRZ Sync+Share/0_TUM/10_Coding/0_publications/11_retarders_aleks/data/calo_data/JAA_CAL371.csv,JAA_CAL371,,,
24254.570377111435,20.0,0.0007289356326371429,232.0347879570926,0.00018223390815928572,58.00869698927315,/home/torben/LRZ Sync+Share/0_TUM/10_Coding/0_publications/11_retarders_aleks/data/calo_data/JAA_CAL371.csv,JAA_CAL371,,,
24590.17901968956,20.0,0.000721671288031968,232.27817770076012,0.000180417822007992,58.06954442519003,/home/torben/LRZ Sync+Share/0_TUM/10_Coding/0_publications/11_retarders_aleks/data/calo_data/JAA_CAL371.csv,JAA_CAL371,,,
25407.60675406456,20.0,0.0007079607446778955,232.86238776428132,0.00017699018616947388,58.21559694107033,/home/torben/LRZ Sync+Share/0_TUM/10_Coding/0_publications/11_retarders_aleks/data/calo_data/JAA_CAL371.csv,JAA_CAL371,,,
26945.55109000206,20.0,0.0006871185467777304,233.93458420315008,0.0001717796366944326,58.48364605078752,/home/torben/LRZ Sync+Share/0_TUM/10_Coding/0_publications/11_retarders_aleks/data/calo_data/JAA_CAL371.csv,JAA_CAL371,,,
28034.34015250206,20.0,0.000674348302320354,234.67572697671554,0.0001685870755800885,58.668931744178884,/home/torben/LRZ Sync+Share/0_TUM/10_Coding/0_publications/11_retarders_aleks/data/calo_data/JAA_CAL371.csv,JAA_CAL371,,,
29838.45099234581,20.0,0.0006572827352484697,235.87656522329613,0.00016432068381211742,58.96914130582403,/home/torben/LRZ Sync+Share/0_TUM/10_Coding/0_publications/11_retarders_aleks/data/calo_data/JAA_CAL371.csv,JAA_CAL371,,,
31435.57452750206,20.0,0.0006437093849047555,236.91471065248476,0.00016092734622618889,59.22867766312119,/home/torben/LRZ Sync+Share/0_TUM/10_Coding/0_publications/11_retarders_aleks/data/calo_data/JAA_CAL371.csv,JAA_CAL371,,,
32888.01593375206,20.0,0.0006319604337151587,237.84069555633678,0.00015799010842878968,59.460173889084196,/home/torben/LRZ Sync+Share/0_TUM/10_Coding/0_publications/11_retarders_aleks/data/calo_data/JAA_CAL371.csv,JAA_CAL371,,,
34200.26984000206,20.0,0.0006222402477749752,238.66338635638144,0.0001555600619437438,59.66584658909536,/home/torben/LRZ Sync+Share/0_TUM/10_Coding/0_publications/11_retarders_aleks/data/calo_data/JAA_CAL371.csv,JAA_CAL371,,,
35098.45734000206,20.0,0.0006150028992941553,239.2185865760824,0.00015375072482353883,59.8046466440206,/home/torben/LRZ Sync+Share/0_TUM/10_Coding/0_publications/11_retarders_aleks/data/calo_data/JAA_CAL371.csv,JAA_CAL371,,,
36577.87921500206,20.0,0.0006044721329235667,240.11988972354612,0.00015111803323089167,60.02997243088653,/home/torben/LRZ Sync+Share/0_TUM/10_Coding/0_publications/11_retarders_aleks/data/calo_data/JAA_CAL371.csv,JAA_CAL371,,,
37738.28741812706,20.0,0.0005960249547805117,240.8158319626442,0.00014900623869512793,60.20395799066105,/home/torben/LRZ Sync+Share/0_TUM/10_Coding/0_publications/11_retarders_aleks/data/calo_data/JAA_CAL371.csv,JAA_CAL371,,,
38700.086978673935,20.0,0.0005889003293364906,241.3857203181992,0.00014722508233412266,60.3464300795498,/home/torben/LRZ Sync+Share/0_TUM/10_Coding/0_publications/11_retarders_aleks/data/calo_data/JAA_CAL371.csv,JAA_CAL371,,,
39602.02765250206,20.0,0.0005843466987634932,241.9146481188925,0.0001460866746908733,60.478662029723125,/home/torben/LRZ Sync+Share/0_TUM/10_Coding/0_publications/11_retarders_aleks/data/calo_data/JAA_CAL371.csv,JAA_CAL371,,,
40522.80548453331,20.0,0.0005775467906986737,242.44928947130524,0.00014438669767466843,60.61232236782631,/home/torben/LRZ Sync+Share/0_TUM/10_Coding/0_publications/11_retarders_aleks/data/calo_data/JAA_CAL371.csv,JAA_CAL371,,,
41468.01398062706,20.0,0.0005715953618961891,242.99288209129307,0.00014289884047404727,60.74822052282327,/home/torben/LRZ Sync+Share/0_TUM/10_Coding/0_publications/11_retarders_aleks/data/calo_data/JAA_CAL371.csv,JAA_CAL371,,,
42346.59405875206,20.0,0.0005656992378127582,243.4930189189956,0.00014142480945318956,60.8732547297489,/home/torben/LRZ Sync+Share/0_TUM/10_Coding/0_publications/11_retarders_aleks/data/calo_data/JAA_CAL371.csv,JAA_CAL371,,,
43429.23956656456,20.0,0.0005600862193806763,244.10242249908057,0.00014002155484516907,61.025605624770144,/home/torben/LRZ Sync+Share/0_TUM/10_Coding/0_publications/11_retarders_aleks/data/calo_data/JAA_CAL371.csv,JAA_CAL371,,,
44527.37613272667,20.0,0.0005520436642598197,244.7130049141518,0.00013801091606495492,61.17825122853795,/home/torben/LRZ Sync+Share/0_TUM/10_Coding/0_publications/11_retarders_aleks/data/calo_data/JAA_CAL371.csv,JAA_CAL371,,,
46029.75421500206,20.0,0.0005445618927195902,245.5364268679157,0.00013614047317989756,61.38410671697893,/home/torben/LRZ Sync+Share/0_TUM/10_Coding/0_publications/11_retarders_aleks/data/calo_data/JAA_CAL371.csv,JAA_CAL371,,,
47089.84015250206,20.0,0.0005379560073646241,246.10951395193823,0.00013448900184115603,61.527378487984556,/home/torben/LRZ Sync+Share/0_TUM/10_Coding/0_publications/11_retarders_aleks/data/calo_data/JAA_CAL371.csv,JAA_CAL371,,,
48641.17511343956,20.0,0.0005284040835157499,246.93659054102687,0.00013210102087893747,61.73414763525672,/home/torben/LRZ Sync+Share/0_TUM/10_Coding/0_publications/11_retarders_aleks/data/calo_data/JAA_CAL371.csv,JAA_CAL371,,,
50085.99835562706,20.0,0.000521158229695433,247.69529250625408,0.00013028955742385825,61.92382312656352,/home/torben/LRZ Sync+Share/0_TUM/10_Coding/0_publications/11_retarders_aleks/data/calo_data/JAA_CAL371.csv,JAA_CAL371,,,
51223.784732580185,20.0,0.0005162110373736928,248.28550000718064,0.0001290527593434232,62.07137500179516,/home/torben/LRZ Sync+Share/0_TUM/10_Coding/0_publications/11_retarders_aleks/data/calo_data/JAA_CAL371.csv,JAA_CAL371,,,
52420.70160269737,20.0,0.0005092509301888499,248.89901777197585,0.00012731273254721248,62.22475444299396,/home/torben/LRZ Sync+Share/0_TUM/10_Coding/0_publications/11_retarders_aleks/data/calo_data/JAA_CAL371.csv,JAA_CAL371,,,
53945.51593375206,20.0,0.0005032709948949853,249.67074201639818,0.00012581774872374632,62.417685504099545,/home/torben/LRZ Sync+Share/0_TUM/10_Coding/0_publications/11_retarders_aleks/data/calo_data/JAA_CAL371.csv,JAA_CAL371,,,
54892.2907140255,20.0,0.0004995621414230855,250.1453150420461,0.00012489053535577138,62.53632876051152,/home/torben/LRZ Sync+Share/0_TUM/10_Coding/0_publications/11_retarders_aleks/data/calo_data/JAA_CAL371.csv,JAA_CAL371,,,
56342.98956656456,20.0,0.0004967444763341786,250.86818153162932,0.00012418611908354465,62.71704538290733,/home/torben/LRZ Sync+Share/0_TUM/10_Coding/0_publications/11_retarders_aleks/data/calo_data/JAA_CAL371.csv,JAA_CAL371,,,
58050.89771437645,20.0,0.0004952649087864085,251.71535566161901,0.00012381622719660212,62.928838915404754,/home/torben/LRZ Sync+Share/0_TUM/10_Coding/0_publications/11_retarders_aleks/data/calo_data/JAA_CAL371.csv,JAA_CAL371,,,
59859.91046500206,20.0,0.0004906028505812192,252.6077370963803,0.0001226507126453048,63.151934274095076,/home/torben/LRZ Sync+Share/0_TUM/10_Coding/0_publications/11_retarders_aleks/data/calo_data/JAA_CAL371.csv,JAA_CAL371,,,
61098.09015250206,20.0,0.0004874544715226451,253.21384369880678,0.00012186361788066128,63.303460924701696,/home/torben/LRZ Sync+Share/0_TUM/10_Coding/0_publications/11_retarders_aleks/data/calo_data/JAA_CAL371.csv,JAA_CAL371,,,
62498.75311636925,20.0,0.00048411424243059,253.89522439710012,0.0001210285606076475,63.47380609927503,/home/torben/LRZ Sync+Share/0_TUM/10_Coding/0_publications/11_retarders_aleks/data/calo_data/JAA_CAL371.csv,JAA_CAL371,,,
64779.19104361534,20.0,0.0004758763023433545,254.98959131440483,0.00011896907558583862,63.74739782860121,/home/torben/LRZ Sync+Share/0_TUM/10_Coding/0_publications/11_retarders_aleks/data/calo_data/JAA_CAL371.csv,JAA_CAL371,,,
66234.64972281456,19.999999999999996,0.0004697553635262789,255.67784072103544,0.00011743884088156972,63.91946018025886,/home/torben/LRZ Sync+Share/0_TUM/10_Coding/0_publications/11_retarders_aleks/data/calo_data/JAA_CAL371.csv,JAA_CAL371,,,
68053.471378088,20.0,0.00046254140886433943,256.52492090417786,0.00011563535221608486,64.13123022604447,/home/torben/LRZ Sync+Share/0_TUM/10_Coding/0_publications/11_retarders_aleks/data/calo_data/JAA_CAL371.csv,JAA_CAL371,,,
70226.71149039268,20.0,0.0004547416454955232,257.5207626777079,0.0001136854113738808,64.38019066942698,/home/torben/LRZ Sync+Share/0_TUM/10_Coding/0_publications/11_retarders_aleks/data/calo_data/JAA_CAL371.csv,JAA_CAL371,,,
71719.68585562706,20.0,0.00044787604020115945,258.1944413863272,0.00011196901005028986,64.5486103465818,/home/torben/LRZ Sync+Share/0_TUM/10_Coding/0_publications/11_retarders_aleks/data/calo_data/JAA_CAL371.csv,JAA_CAL371,,,
73185.27130484581,20.0,0.0004420445191920765,258.8471194096467,0.00011051112979801912,64.71177985241168,/home/torben/LRZ Sync+Share/0_TUM/10_Coding/0_publications/11_retarders_aleks/data/calo_data/JAA_CAL371.csv,JAA_CAL371,,,
74666.84112906456,20.0,0.00043656082835189663,259.49854870989884,0.00010914020708797416,64.87463717747471,/home/torben/LRZ Sync+Share/0_TUM/10_Coding/0_publications/11_retarders_aleks/data/calo_data/JAA_CAL371.csv,JAA_CAL371,,,
76127.19171500206,20.0,0.0004305094664468773,260.1319089196839,0.00010762736661171933,65.03297722992097,/home/torben/LRZ Sync+Share/0_TUM/10_Coding/0_publications/11_retarders_aleks/data/calo_data/JAA_CAL371.csv,JAA_CAL371,,,
77793.85992789268,20.0,0.0004241155048514845,260.84459136268174,0.00010602887621287112,65.21114784067044,/home/torben/LRZ Sync+Share/0_TUM/10_Coding/0_publications/11_retarders_aleks/data/calo_data/JAA_CAL371.csv,JAA_CAL371,,,
79664.39532828331,20.0,0.00041722449793760863,261.63245689526104,0.00010430612448440216,65.40811422381526,/home/torben/LRZ Sync+Share/0_TUM/10_Coding/0_publications/11_retarders_aleks/data/calo_data/JAA_CAL371.csv,JAA_CAL371,,,
81166.70953726768,20.0,0.0004115136260639993,262.2551833046563,0.00010287840651599983,65.56379582616408,/home/torben/LRZ Sync+Share/0_TUM/10_Coding/0_publications/11_retarders_aleks/data/calo_data/JAA_CAL371.csv,JAA_CAL371,,,
82523.12335562706,20.0,0.0004072167306028863,262.8104904818948,0.00010180418265072158,65.7026226204737,/home/torben/LRZ Sync+Share/0_TUM/10_Coding/0_publications/11_retarders_aleks/data/calo_data/JAA_CAL371.csv,JAA_CAL371,,,
83820.8786046505,20.0,0.00040328648539320365,263.3367716657303,0.00010082162134830091,65.83419291643257,/home/torben/LRZ Sync+Share/0_TUM/10_Coding/0_publications/11_retarders_aleks/data/calo_data/JAA_CAL371.csv,JAA_CAL371,,,
85715.35705924034,20.0,0.00039705963716130896,264.09523851256955,9.926490929032724e-05,66.02380962814239,/home/torben/LRZ Sync+Share/0_TUM/10_Coding/0_publications/11_retarders_aleks/data/calo_data/JAA_CAL371.csv,JAA_CAL371,,,
87710.34015250206,20.0,0.000389208314761763,264.8799307502597,9.730207869044074e-05,66.21998268756492,/home/torben/LRZ Sync+Share/0_TUM/10_Coding/0_publications/11_retarders_aleks/data/calo_data/JAA_CAL371.csv,JAA_CAL371,,,
89295.70734000206,20.0,0.0003833833543888788,265.4924641961662,9.58458385972197e-05,66.37311604904156,/home/torben/LRZ Sync+Share/0_TUM/10_Coding/0_publications/11_retarders_aleks/data/calo_data/JAA_CAL371.csv,JAA_CAL371,,,
90830.65265250206,20.0,0.00037706852648111813,266.0756779306472,9.426713162027953e-05,66.5189194826618,/home/torben/LRZ Sync+Share/0_TUM/10_Coding/0_publications/11_retarders_aleks/data/calo_data/JAA_CAL371.csv,JAA_CAL371,,,
92309.91882681847,20.0,0.00036988372579991284,266.6279197471925,9.247093144997821e-05,66.65697993679812,/home/torben/LRZ Sync+Share/0_TUM/10_Coding/0_publications/11_retarders_aleks/data/calo_data/JAA_CAL371.csv,JAA_CAL371,,,
93731.48468375206,20.0,0.00036384454860516303,267.14964895184517,9.096113715129076e-05,66.78741223796129,/home/torben/LRZ Sync+Share/0_TUM/10_Coding/0_publications/11_retarders_aleks/data/calo_data/JAA_CAL371.csv,JAA_CAL371,,,
95476.46515250206,20.0,0.000358125889976401,267.77940914499555,8.953147249410025e-05,66.94485228624889,/home/torben/LRZ Sync+Share/0_TUM/10_Coding/0_publications/11_retarders_aleks/data/calo_data/JAA_CAL371.csv,JAA_CAL371,,,
96929.20880484581,20.0,0.0003525939817479888,268.2948663487114,8.81484954369972e-05,67.07371658717786,/home/torben/LRZ Sync+Share/0_TUM/10_Coding/0_publications/11_retarders_aleks/data/calo_data/JAA_CAL371.csv,JAA_CAL371,,,
98380.52765250206,20.0,0.00034762410519550166,268.8028507206085,8.690602629887542e-05,67.20071268015212,/home/torben/LRZ Sync+Share/0_TUM/10_Coding/0_publications/11_retarders_aleks/data/calo_data/JAA_CAL371.csv,JAA_CAL371,,,
99834.24603629112,20.0,0.0003430477124243063,269.3045623041439,8.576192810607658e-05,67.32614057603597,/home/torben/LRZ Sync+Share/0_TUM/10_Coding/0_publications/11_retarders_aleks/data/calo_data/JAA_CAL371.csv,JAA_CAL371,,,
101166.58819937706,20.0,0.00033911954129491154,269.7585879639621,8.477988532372788e-05,67.43964699099052,/home/torben/LRZ Sync+Share/0_TUM/10_Coding/0_publications/11_retarders_aleks/data/calo_data/JAA_CAL371.csv,JAA_CAL371,,,
102619.22296500206,20.0,0.00033418117139500487,270.24775330392833,8.354529284875122e-05,67.56193832598208,/home/torben/LRZ Sync+Share/0_TUM/10_Coding/0_publications/11_retarders_aleks/data/calo_data/JAA_CAL371.csv,JAA_CAL371,,,
104174.34015250206,20.0,0.00033031018041491483,270.7647522640469,8.257754510372871e-05,67.69118806601172,/home/torben/LRZ Sync+Share/0_TUM/10_Coding/0_publications/11_retarders_aleks/data/calo_data/JAA_CAL371.csv,JAA_CAL371,,,
105745.36359000206,20.0,0.0003264502813352939,271.28034634900894,8.161257033382348e-05,67.82008658725223,/home/torben/LRZ Sync+Share/0_TUM/10_Coding/0_publications/11_retarders_aleks/data/calo_data/JAA_CAL371.csv,JAA_CAL371,,,
107402.11749625206,20.0,0.00032221279198055215,271.8173456178377,8.055319799513804e-05,67.95433640445943,/home/torben/LRZ Sync+Share/0_TUM/10_Coding/0_publications/11_retarders_aleks/data/calo_data/JAA_CAL371.csv,JAA_CAL371,,,
109277.22357535362,20.0,0.00031677503362452606,272.4165510604093,7.919375840613151e-05,68.10413776510232,/home/torben/LRZ Sync+Share/0_TUM/10_Coding/0_publications/11_retarders_aleks/data/calo_data/JAA_CAL371.csv,JAA_CAL371,,,
110851.07110953331,20.0,0.00031320659759371064,272.9124973721292,7.830164939842766e-05,68.2281243430323,/home/torben/LRZ Sync+Share/0_TUM/10_Coding/0_publications/11_retarders_aleks/data/calo_data/JAA_CAL371.csv,JAA_CAL371,,,
112317.36072134972,20.0,0.0003103221017751283,273.3695933028087,7.758052544378207e-05,68.34239832570218,/home/torben/LRZ Sync+Share/0_TUM/10_Coding/0_publications/11_retarders_aleks/data/calo_data/JAA_CAL371.csv,JAA_CAL371,,,
113863.72296500206,20.0,0.0003065534934716137,273.8465254612551,7.663837336790343e-05,68.46163136531378,/home/torben/LRZ Sync+Share/0_TUM/10_Coding/0_publications/11_retarders_aleks/data/calo_data/JAA_CAL371.csv,JAA_CAL371,,,
115417.3186070919,20.0,0.000304327124742972,274.3207376645647,7.6081781185743e-05,68.58018441614118,/home/torben/LRZ Sync+Share/0_TUM/10_Coding/0_publications/11_retarders_aleks/data/calo_data/JAA_CAL371.csv,JAA_CAL371,,,
117157.04352164268,20.0,0.00029961058955167057,274.84651655089544,7.490264738791764e-05,68.71162913772386,/home/torben/LRZ Sync+Share/0_TUM/10_Coding/0_publications/11_retarders_aleks/data/calo_data/JAA_CAL371.csv,JAA_CAL371,,,
118766.24640250206,20.0,0.0002958799104568733,275.3262173546791,7.396997761421832e-05,68.83155433866978,/home/torben/LRZ Sync+Share/0_TUM/10_Coding/0_publications/11_retarders_aleks/data/calo_data/JAA_CAL371.csv,JAA_CAL371,,,
120266.64484000206,20.0,0.0002931322878180136,275.76832733323204,7.32830719545034e-05,68.94208183330801,/home/torben/LRZ Sync+Share/0_TUM/10_Coding/0_publications/11_retarders_aleks/data/calo_data/JAA_CAL371.csv,JAA_CAL371,,,
122188.77957510948,20.0,0.0002880507733685002,276.32662383871275,7.201269334212505e-05,69.08165595967819,/home/torben/LRZ Sync+Share/0_TUM/10_Coding/0_publications/11_retarders_aleks/data/calo_data/JAA_CAL371.csv,JAA_CAL371,,,
124070.86359000206,20.0,0.00028461827103831516,276.86569896366757,7.115456775957879e-05,69.21642474091689,/home/torben/LRZ Sync+Share/0_TUM/10_Coding/0_publications/11_retarders_aleks/data/calo_data/JAA_CAL371.csv,JAA_CAL371,,,
125290.89093375206,20.0,0.00028258216543643265,277.2119991481695,7.064554135910816e-05,69.30299978704238,/home/torben/LRZ Sync+Share/0_TUM/10_Coding/0_publications/11_retarders_aleks/data/calo_data/JAA_CAL371.csv,JAA_CAL371,,,
127107.53107047081,20.0,0.00027927500065544813,277.72206669209686,6.981875016386203e-05,69.43051667302421,/home/torben/LRZ Sync+Share/0_TUM/10_Coding/0_publications/11_retarders_aleks/data/calo_data/JAA_CAL371.csv,JAA_CAL371,,,
128361.96612906456,20.0,0.000277119012575954,278.07136938710823,6.92797531439885e-05,69.51784234677706,/home/torben/LRZ Sync+Share/0_TUM/10_Coding/0_publications/11_retarders_aleks/data/calo_data/JAA_CAL371.csv,JAA_CAL371,,,
129889.76202750206,20.0,0.00027432657634557324,278.49254121859013,6.858164408639331e-05,69.62313530464753,/home/torben/LRZ Sync+Share/0_TUM/10_Coding/0_publications/11_retarders_aleks/data/calo_data/JAA_CAL371.csv,JAA_CAL371,,,
131555.7576329708,20.0,0.0002710490677950284,278.94699019293586,6.77622669487571e-05,69.73674754823396,/home/torben/LRZ Sync+Share/0_TUM/10_Coding/0_publications/11_retarders_aleks/data/calo_data/JAA_CAL371.csv,JAA_CAL371,,,
133198.20734000206,20.0,0.00026855114765354955,279.3897653813322,6.713778691338739e-05,69.84744134533305,/home/torben/LRZ Sync+Share/0_TUM/10_Coding/0_publications/11_retarders_aleks/data/calo_data/JAA_CAL371.csv,JAA_CAL371,,,
134937.93390250206,20.0,0.00026567578460705776,279.8538047733213,6.641894615176444e-05,69.96345119333033,/home/torben/LRZ Sync+Share/0_TUM/10_Coding/0_publications/11_retarders_aleks/data/calo_data/JAA_CAL371.csv,JAA_CAL371,,,
136301.87921500206,20.0,0.0002623726497204409,280.21354196093085,6.559316243011022e-05,70.05338549023271,/home/torben/LRZ Sync+Share/0_TUM/10_Coding/0_publications/11_retarders_aleks/data/calo_data/JAA_CAL371.csv,JAA_CAL371,,,
137949.70819449425,20.0,0.00025934182909438723,280.64300288868253,6.483545727359681e-05,70.16075072217063,/home/torben/LRZ Sync+Share/0_TUM/10_Coding/0_publications/11_retarders_aleks/data/calo_data/JAA_CAL371.csv,JAA_CAL371,,,
139238.78546500206,20.0,0.0002564175437118256,280.9756372725877,6.41043859279564e-05,70.24390931814692,/home/torben/LRZ Sync+Share/0_TUM/10_Coding/0_publications/11_retarders_aleks/data/calo_data/JAA_CAL371.csv,JAA_CAL371,,,
141134.07452750206,20.0,0.00025307546324637085,281.4584052176041,6.326886581159271e-05,70.36460130440102,/home/torben/LRZ Sync+Share/0_TUM/10_Coding/0_publications/11_retarders_aleks/data/calo_data/JAA_CAL371.csv,JAA_CAL371,,,
142713.02765250206,20.0,0.0002493162096283103,281.8550910827236,6.232905240707757e-05,70.4637727706809,/home/torben/LRZ Sync+Share/0_TUM/10_Coding/0_publications/11_retarders_aleks/data/calo_data/JAA_CAL371.csv,JAA_CAL371,,,
144088.9851720333,20.0,0.00024667262877114114,282.1966170511243,6.166815719278528e-05,70.54915426278107,/home/torben/LRZ Sync+Share/0_TUM/10_Coding/0_publications/11_retarders_aleks/data/calo_data/JAA_CAL371.csv,JAA_CAL371,,,
146017.92511343956,20.0,0.000243773613925329,282.66969307160065,6.094340348133225e-05,70.66742326790016,/home/torben/LRZ Sync+Share/0_TUM/10_Coding/0_publications/11_retarders_aleks/data/calo_data/JAA_CAL371.csv,JAA_CAL371,,,
147463.98761343956,20.0,0.00024075676635989642,283.01990641058563,6.0189191589974106e-05,70.75497660264641,/home/torben/LRZ Sync+Share/0_TUM/10_Coding/0_publications/11_retarders_aleks/data/calo_data/JAA_CAL371.csv,JAA_CAL371,,,
149441.08819937706,20.0,0.00023708339677445516,283.49287590173907,5.927084919361379e-05,70.87321897543477,/home/torben/LRZ Sync+Share/0_TUM/10_Coding/0_publications/11_retarders_aleks/data/calo_data/JAA_CAL371.csv,JAA_CAL371,,,
151164.6863439083,20.0,0.00023328229605043316,283.89780394979,5.832057401260829e-05,70.9744509874475,/home/torben/LRZ Sync+Share/0_TUM/10_Coding/0_publications/11_retarders_aleks/data/calo_data/JAA_CAL371.csv,JAA_CAL371,,,
152800.66827750206,20.0,0.00023142557274830237,284.2783192446919,5.785639318707559e-05,71.06957981117297,/home/torben/LRZ Sync+Share/0_TUM/10_Coding/0_publications/11_retarders_aleks/data/calo_data/JAA_CAL371.csv,JAA_CAL371,,,
154165.32062125206,20.0,0.00022955424924188934,284.5930258468981,5.7388562310472335e-05,71.14825646172453,/home/torben/LRZ Sync+Share/0_TUM/10_Coding/0_publications/11_retarders_aleks/data/calo_data/JAA_CAL371.csv,JAA_CAL371,,,
155807.12921500206,20.0,0.00022590524651617036,284.96758727470166,5.647631162904259e-05,71.24189681867541,/home/torben/LRZ Sync+Share/0_TUM/10_Coding/0_publications/11_retarders_aleks/data/calo_data/JAA_CAL371.csv,JAA_CAL371,,,
158749.93390250206,20.0,0.00022207793138434248,285.62658433401793,5.551948284608562e-05,71.40664608350448,/home/torben/LRZ Sync+Share/0_TUM/10_Coding/0_publications/11_retarders_aleks/data/calo_data/JAA_CAL371.csv,JAA_CAL371,,,
160511.89801383018,20.0,0.00021832903996928053,286.01425737313866,5.458225999232013e-05,71.50356434328467,/home/torben/LRZ Sync+Share/0_TUM/10_Coding/0_publications/11_retarders_aleks/data/calo_data/JAA_CAL371.csv,JAA_CAL371,,,
162390.62054800987,20.0,0.00021528088860184547,286.42279242004645,5.3820222150461366e-05,71.60569810501161,/home/torben/LRZ Sync+Share/0_TUM/10_Coding/0_publications/11_retarders_aleks/data/calo_data/JAA_CAL371.csv,JAA_CAL371,,,
163937.86499381065,20.0,0.00021212680075004625,286.75390683379624,5.303170018751156e-05,71.68847670844906,/home/torben/LRZ Sync+Share/0_TUM/10_Coding/0_publications/11_retarders_aleks/data/calo_data/JAA_CAL371.csv,JAA_CAL371,,,
165386.99835562706,20.0,0.0002106100955946853,287.0606290527668,5.265252389867132e-05,71.7651572631917,/home/torben/LRZ Sync+Share/0_TUM/10_Coding/0_publications/11_retarders_aleks/data/calo_data/JAA_CAL371.csv,JAA_CAL371,,,
167084.51105093956,20.0,0.00020721207067960667,287.41516573106577,5.1803017669901666e-05,71.85379143276644,/home/torben/LRZ Sync+Share/0_TUM/10_Coding/0_publications/11_retarders_aleks/data/calo_data/JAA_CAL371.csv,JAA_CAL371,,,
168969.44366812706,20.0,0.00020432529002424178,287.80312193305207,5.1081322506060446e-05,71.95078048326302,/home/torben/LRZ Sync+Share/0_TUM/10_Coding/0_publications/11_retarders_aleks/data/calo_data/JAA_CAL371.csv,JAA_CAL371,,,
170300.63702750206,20.0,0.00020195544867903365,288.0729158992786,5.048886216975841e-05,72.01822897481965,/home/torben/LRZ Sync+Share/0_TUM/10_Coding/0_publications/11_retarders_aleks/data/calo_data/JAA_CAL371.csv,JAA_CAL371,,,
171984.05011343956,20.0,0.00019881490165624209,288.40966180823295,4.970372541406052e-05,72.10241545205824,/home/torben/LRZ Sync+Share/0_TUM/10_Coding/0_publications/11_retarders_aleks/data/calo_data/JAA_CAL371.csv,JAA_CAL371,,,
173617.57916617393,20.0,0.00019598699606989629,288.7322127371884,4.899674901747407e-05,72.1830531842971,/home/torben/LRZ Sync+Share/0_TUM/10_Coding/0_publications/11_retarders_aleks/data/calo_data/JAA_CAL371.csv,JAA_CAL371,,,
175196.02240347862,20.0,0.00019405890412299136,289.0406880121227,4.851472603074784e-05,72.26017200303068,/home/torben/LRZ Sync+Share/0_TUM/10_Coding/0_publications/11_retarders_aleks/data/calo_data/JAA_CAL371.csv,JAA_CAL371,,,
177225.56866812706,20.0,0.00019107284154163957,289.4321477768893,4.776821038540989e-05,72.35803694422232,/home/torben/LRZ Sync+Share/0_TUM/10_Coding/0_publications/11_retarders_aleks/data/calo_data/JAA_CAL371.csv,JAA_CAL371,,,
178744.86056876183,20.0,0.00018938214051016517,289.72151746601276,4.734553512754129e-05,72.43037936650319,/home/torben/LRZ Sync+Share/0_TUM/10_Coding/0_publications/11_retarders_aleks/data/calo_data/JAA_CAL371.csv,JAA_CAL371,,,
180666.4058110714,20.0,0.0001862369469390481,290.08205924518955,4.655923673476203e-05,72.52051481129739,/home/torben/LRZ Sync+Share/0_TUM/10_Coding/0_publications/11_retarders_aleks/data/calo_data/JAA_CAL371.csv,JAA_CAL371,,,
182572.51202750206,20.0,0.00018376478394616316,290.43442208760035,4.594119598654079e-05,72.60860552190009,/home/torben/LRZ Sync+Share/0_TUM/10_Coding/0_publications/11_retarders_aleks/data/calo_data/JAA_CAL371.csv,JAA_CAL371,,,
184164.82074332237,20.0,0.0001821375567055261,290.72584039984383,4.5534389176381525e-05,72.68146009996096,/home/torben/LRZ Sync+Share/0_TUM/10_Coding/0_publications/11_retarders_aleks/data/calo_data/JAA_CAL371.csv,JAA_CAL371,,,
185271.08624625206,20.0,0.00018098937626707284,290.92653032086474,4.524734406676821e-05,72.73163258021619,/home/torben/LRZ Sync+Share/0_TUM/10_Coding/0_publications/11_retarders_aleks/data/calo_data/JAA_CAL371.csv,JAA_CAL371,,,
187240.7459142208,20.0,0.0001785407137856507,291.28073994263076,4.463517844641268e-05,72.82018498565769,/home/torben/LRZ Sync+Share/0_TUM/10_Coding/0_publications/11_retarders_aleks/data/calo_data/JAA_CAL371.csv,JAA_CAL371,,,
188355.42609000206,20.0,0.0001785818431213268,291.47995805823115,4.46454607803317e-05,72.86998951455779,/home/torben/LRZ Sync+Share/0_TUM/10_Coding/0_publications/11_retarders_aleks/data/calo_data/JAA_CAL371.csv,JAA_CAL371,,,
189775.25226187706,20.0,0.00017698797766822375,291.732317259717,4.424699441705594e-05,72.93307931492924,/home/torben/LRZ Sync+Share/0_TUM/10_Coding/0_publications/11_retarders_aleks/data/calo_data/JAA_CAL371.csv,JAA_CAL371,,,
191256.86554312706,20.0,0.00017563225618987428,291.9928023811552,4.390806404746857e-05,72.9982005952888,/home/torben/LRZ Sync+Share/0_TUM/10_Coding/0_publications/11_retarders_aleks/data/calo_data/JAA_CAL371.csv,JAA_CAL371,,,
192753.07941031456,20.0,0.0001738661097028561,292.2546405408808,4.3466527425714025e-05,73.0636601352202,/home/torben/LRZ Sync+Share/0_TUM/10_Coding/0_publications/11_retarders_aleks/data/calo_data/JAA_CAL371.csv,JAA_CAL371,,,
195121.45639395714,20.0,0.00017241389525858255,292.6638428851968,4.310347381464564e-05,73.1659607212992,/home/torben/LRZ Sync+Share/0_TUM/10_Coding/0_publications/11_retarders_aleks/data/calo_data/JAA_CAL371.csv,JAA_CAL371,,,
197323.303409338,20.0,0.0001700232092029738,293.04079606394083,4.250580230074345e-05,73.26019901598521,/home/torben/LRZ Sync+Share/0_TUM/10_Coding/0_publications/11_retarders_aleks/data/calo_data/JAA_CAL371.csv,JAA_CAL371,,,
199238.4509923458,20.0,0.0001682606479408837,293.36530354184976,4.206516198522092e-05,73.34132588546244,/home/torben/LRZ Sync+Share/0_TUM/10_Coding/0_publications/11_retarders_aleks/data/calo_data/JAA_CAL371.csv,JAA_CAL371,,,
201635.88075613976,20.0,0.0001670396065012577,293.7676924155861,4.1759901625314425e-05,73.44192310389653,/home/torben/LRZ Sync+Share/0_TUM/10_Coding/0_publications/11_retarders_aleks/data/calo_data/JAA_CAL371.csv,JAA_CAL371,,,
203976.65655875206,20.0,0.00016545140415007937,294.157841819358,4.136285103751984e-05,73.5394604548395,/home/torben/LRZ Sync+Share/0_TUM/10_Coding/0_publications/11_retarders_aleks/data/calo_data/JAA_CAL371.csv,JAA_CAL371,,,
206012.31085562706,20.0,0.00016594019545549237,294.4942025149857,4.148504886387309e-05,73.62355062874643,/home/torben/LRZ Sync+Share/0_TUM/10_Coding/0_publications/11_retarders_aleks/data/calo_data/JAA_CAL371.csv,JAA_CAL371,,,
208214.7400548458,20.0,0.00016501396366246093,294.8585006715834,4.125349091561523e-05,73.71462516789585,/home/torben/LRZ Sync+Share/0_TUM/10_Coding/0_publications/11_retarders_aleks/data/calo_data/JAA_CAL371.csv,JAA_CAL371,,,
210396.15753531456,20.0,0.00016488836467147945,295.2177999795136,4.122209116786986e-05,73.8044499948784,/home/torben/LRZ Sync+Share/0_TUM/10_Coding/0_publications/11_retarders_aleks/data/calo_data/JAA_CAL371.csv,JAA_CAL371,,,
212544.07843375206,20.0,0.0001632966490092544,295.5700019239117,4.08241622523136e-05,73.89250048097793,/home/torben/LRZ Sync+Share/0_TUM/10_Coding/0_publications/11_retarders_aleks/data/calo_data/JAA_CAL371.csv,JAA_CAL371,,,
215242.28839468956,20.0,0.00016313448496009072,296.01144339392374,4.078362124002268e-05,74.00286084848094,/home/torben/LRZ Sync+Share/0_TUM/10_Coding/0_publications/11_retarders_aleks/data/calo_data/JAA_CAL371.csv,JAA_CAL371,,,
216900.31460928917,20.0,0.0001636362891270991,296.2821556330361,4.0909072281774774e-05,74.07053890825902,/home/torben/LRZ Sync+Share/0_TUM/10_Coding/0_publications/11_retarders_aleks/data/calo_data/JAA_CAL371.csv,JAA_CAL371,,,
219100.6687657833,20.0,0.00016323499161966843,296.64144490428174,4.080874790491711e-05,74.16036122607044,/home/torben/LRZ Sync+Share/0_TUM/10_Coding/0_publications/11_retarders_aleks/data/calo_data/JAA_CAL371.csv,JAA_CAL371,,,
221578.80109000206,20.0,0.0001629549203158687,297.04580434272657,4.073873007896717e-05,74.26145108568164,/home/torben/LRZ Sync+Share/0_TUM/10_Coding/0_publications/11_retarders_aleks/data/calo_data/JAA_CAL371.csv,JAA_CAL371,,,
223331.01984000206,20.0,0.00016243488113151788,297.3315136229503,4.060872028287947e-05,74.33287840573757,/home/torben/LRZ Sync+Share/0_TUM/10_Coding/0_publications/11_retarders_aleks/data/calo_data/JAA_CAL371.csv,JAA_CAL371,,,
225212.37799429893,20.0,0.0001621602840487204,297.63793761022725,4.05400710121801e-05,74.40948440255681,/home/torben/LRZ Sync+Share/0_TUM/10_Coding/0_publications/11_retarders_aleks/data/calo_data/JAA_CAL371.csv,JAA_CAL371,,,
226838.01691031456,20.0,0.0001627483040593031,297.90220482737374,4.068707601482577e-05,74.47555120684343,/home/torben/LRZ Sync+Share/0_TUM/10_Coding/0_publications/11_retarders_aleks/data/calo_data/JAA_CAL371.csv,JAA_CAL371,,,
229027.95734000206,20.0,0.0001623122118643273,298.25798400793155,4.057805296608183e-05,74.56449600198289,/home/torben/LRZ Sync+Share/0_TUM/10_Coding/0_publications/11_retarders_aleks/data/calo_data/JAA_CAL371.csv,JAA_CAL371,,,
230686.4611852169,20.0,0.0001629936292507707,298.5282404661583,4.074840731269267e-05,74.63206011653958,/home/torben/LRZ Sync+Share/0_TUM/10_Coding/0_publications/11_retarders_aleks/data/calo_data/JAA_CAL371.csv,JAA_CAL371,,,
233444.96515250206,20.0,0.0001638609865132589,298.9785877415941,4.096524662831473e-05,74.74464693539852,/home/torben/LRZ Sync+Share/0_TUM/10_Coding/0_publications/11_retarders_aleks/data/calo_data/JAA_CAL371.csv,JAA_CAL371,,,
236703.34405875206,20.0,0.0001645799145130232,299.5127806650822,4.11449786282558e-05,74.87819516627054,/home/torben/LRZ Sync+Share/0_TUM/10_Coding/0_publications/11_retarders_aleks/data/calo_data/JAA_CAL371.csv,JAA_CAL371,,,
238883.44855093956,20.0,0.0001653014702295125,299.8729977729697,4.1325367557378124e-05,74.96824944324243,/home/torben/LRZ Sync+Share/0_TUM/10_Coding/0_publications/11_retarders_aleks/data/calo_data/JAA_CAL371.csv,JAA_CAL371,,,
241738.574893713,20.0,0.0001653745959450684,300.3473236322462,4.13436489862671e-05,75.08683090806154,/home/torben/LRZ Sync+Share/0_TUM/10_Coding/0_publications/11_retarders_aleks/data/calo_data/JAA_CAL371.csv,JAA_CAL371,,,
243542.91534781456,20.0,0.00016806820183298563,300.64807302505994,4.201705045824641e-05,75.16201825626499,/home/torben/LRZ Sync+Share/0_TUM/10_Coding/0_publications/11_retarders_aleks/data/calo_data/JAA_CAL371.csv,JAA_CAL371,,,
245340.94952750206,20.0,0.00016908557579358395,300.95100674409366,4.227139394839599e-05,75.23775168602342,/home/torben/LRZ Sync+Share/0_TUM/10_Coding/0_publications/11_retarders_aleks/data/calo_data/JAA_CAL371.csv,JAA_CAL371,,,
247594.73468375206,20.0,0.0001718373628091381,301.33528164861127,4.295934070228453e-05,75.33382041215282,/home/torben/LRZ Sync+Share/0_TUM/10_Coding/0_publications/11_retarders_aleks/data/calo_data/JAA_CAL371.csv,JAA_CAL371,,,
249978.36359000206,20.0,0.0001750020566634401,301.7494755336915,4.375051416586003e-05,75.43736888342288,/home/torben/LRZ Sync+Share/0_TUM/10_Coding/0_publications/11_retarders_aleks/data/calo_data/JAA_CAL371.csv,JAA_CAL371,,,
251790.6277501583,20.0,0.00017806777607656327,302.0694972148425,4.451694401914082e-05,75.51737430371062,/home/torben/LRZ Sync+Share/0_TUM/10_Coding/0_publications/11_retarders_aleks/data/calo_data/JAA_CAL371.csv,JAA_CAL371,,,
253190.35968375206,20.0,0.0001798026428856872,302.31975525955266,4.49506607214218e-05,75.57993881488817,/home/torben/LRZ Sync+Share/0_TUM/10_Coding/0_publications/11_retarders_aleks/data/calo_data/JAA_CAL371.csv,JAA_CAL371,,,
254835.07843375206,20.0,0.00018258541975185255,302.6183970043946,4.564635493796314e-05,75.65459925109865,/home/torben/LRZ Sync+Share/0_TUM/10_Coding/0_publications/11_retarders_aleks/data/calo_data/JAA_CAL371.csv,JAA_CAL371,,,
257127.3289220333,20.0,0.0001879445573205534,303.0425428937273,4.698613933013835e-05,75.76063572343182,/home/torben/LRZ Sync+Share/0_TUM/10_Coding/0_publications/11_retarders_aleks/data/calo_data/JAA_CAL371.csv,JAA_CAL371,,,
258824.09015250206,20.0,0.0001913274992953097,303.36313850705056,4.783187482382742e-05,75.84078462676264,/home/torben/LRZ Sync+Share/0_TUM/10_Coding/0_publications/11_retarders_aleks/data/calo_data/JAA_CAL371.csv,JAA_CAL371,,,
260961.76398062706,20.0,0.0001967493360120888,303.77795011351446,4.91873340030222e-05,75.94448752837862,/home/torben/LRZ Sync+Share/0_TUM/10_Coding/0_publications/11_retarders_aleks/data/calo_data/JAA_CAL371.csv,JAA_CAL371,,,
262897.48859000206,20.0,0.00020524848746871627,304.1665031357842,5.131212186717907e-05,76.04162578394605,/home/torben/LRZ Sync+Share/0_TUM/10_Coding/0_publications/11_retarders_aleks/data/calo_data/JAA_CAL371.csv,JAA_CAL371,,,
265216.76593375206,20.0,0.00021382632438864482,304.6519892356242,5.3456581097161205e-05,76.16299730890606,/home/torben/LRZ Sync+Share/0_TUM/10_Coding/0_publications/11_retarders_aleks/data/calo_data/JAA_CAL371.csv,JAA_CAL371,,,
266964.26666617393,20.0,0.00022386271409086494,305.0335802357848,5.5965678522716234e-05,76.2583950589462,/home/torben/LRZ Sync+Share/0_TUM/10_Coding/0_publications/11_retarders_aleks/data/calo_data/JAA_CAL371.csv,JAA_CAL371,,,
268978.07062125206,20.0,0.0002336953209914079,305.4943115587064,5.8423830247851974e-05,76.3735778896766,/home/torben/LRZ Sync+Share/0_TUM/10_Coding/0_publications/11_retarders_aleks/data/calo_data/JAA_CAL371.csv,JAA_CAL371,,,
270848.51984000206,20.0,0.0002470952898619104,305.9441152522254,6.17738224654776e-05,76.48602881305635,/home/torben/LRZ Sync+Share/0_TUM/10_Coding/0_publications/11_retarders_aleks/data/calo_data/JAA_CAL371.csv,JAA_CAL371,,,
271875.86359000206,20.0,0.0002553337016248451,306.2017559908331,6.383342540621127e-05,76.55043899770827,/home/torben/LRZ Sync+Share/0_TUM/10_Coding/0_publications/11_retarders_aleks/data/calo_data/JAA_CAL371.csv,JAA_CAL371,,,
273871.94855093956,20.0,0.00027254848777052564,306.72814614483406,6.813712194263141e-05,76.68203653620851,/home/torben/LRZ Sync+Share/0_TUM/10_Coding/0_publications/11_retarders_aleks/data/calo_data/JAA_CAL371.csv,JAA_CAL371,,,
275361.3138349056,20.0,0.000285488521215554,307.1434806747781,7.13721303038885e-05,76.78587016869453,/home/torben/LRZ Sync+Share/0_TUM/10_Coding/0_publications/11_retarders_aleks/data/calo_data/JAA_CAL371.csv,JAA_CAL371,,,
277221.17218375206,20.0,0.00030628913403926185,307.69416367777615,7.657228350981546e-05,76.92354091944404,/home/torben/LRZ Sync+Share/0_TUM/10_Coding/0_publications/11_retarders_aleks/data/calo_data/JAA_CAL371.csv,JAA_CAL371,,,
278953.0270421505,20.0,0.00032989855301261467,308.24458346835627,8.247463825315367e-05,77.06114586708907,/home/torben/LRZ Sync+Share/0_TUM/10_Coding/0_publications/11_retarders_aleks/data/calo_data/JAA_CAL371.csv,JAA_CAL371,,,
280244.43780875206,20.0,0.00034870328283373295,308.6821193168855,8.717582070843324e-05,77.17052982922138,/home/torben/LRZ Sync+Share/0_TUM/10_Coding/0_publications/11_retarders_aleks/data/calo_data/JAA_CAL371.csv,JAA_CAL371,,,
281317.18976187706,20.0,0.0003648968501138005,309.06492369867027,9.122421252845013e-05,77.26623092466757,/home/torben/LRZ Sync+Share/0_TUM/10_Coding/0_publications/11_retarders_aleks/data/calo_data/JAA_CAL371.csv,JAA_CAL371,,,
282448.42999625206,20.0,0.00038275187777042044,309.4877652335673,9.568796944260511e-05,77.37194130839183,/home/torben/LRZ Sync+Share/0_TUM/10_Coding/0_publications/11_retarders_aleks/data/calo_data/JAA_CAL371.csv,JAA_CAL371,,,
283880.5291173458,20.0,0.0004108396487104463,310.05574760212187,0.00010270991217761157,77.51393690053047,/home/torben/LRZ Sync+Share/0_TUM/10_Coding/0_publications/11_retarders_aleks/data/calo_data/JAA_CAL371.csv,JAA_CAL371,,,
285338.3650853634,20.0,0.00044147026799612075,310.6768955692588,0.00011036756699903019,77.6692238923147,/home/torben/LRZ Sync+Share/0_TUM/10_Coding/0_publications/11_retarders_aleks/data/calo_data/JAA_CAL371.csv,JAA_CAL371,,,
286491.74502921104,20.0,0.0004683827904581327,311.2017237231867,0.00011709569761453317,77.80043093079668,/home/torben/LRZ Sync+Share/0_TUM/10_Coding/0_publications/11_retarders_aleks/data/calo_data/JAA_CAL371.csv,JAA_CAL371,,,
287491.73663687706,20.0,0.0004944024587043739,311.6829879499591,0.00012360061467609347,77.92074698748978,/home/torben/LRZ Sync+Share/0_TUM/10_Coding/0_publications/11_retarders_aleks/data/calo_data/JAA_CAL371.csv,JAA_CAL371,,,
288580.78937125206,20.0,0.0005264277128636264,312.23832471230156,0.0001316069282159066,78.05958117807539,/home/torben/LRZ Sync+Share/0_TUM/10_Coding/0_publications/11_retarders_aleks/data/calo_data/JAA_CAL371.csv,JAA_CAL371,,,
289852.86359000206,20.0,0.0005642735197141481,312.93188727139136,0.00014106837992853703,78.23297181784784,/home/torben/LRZ Sync+Share/0_TUM/10_Coding/0_publications/11_retarders_aleks/data/calo_data/JAA_CAL371.csv,JAA_CAL371,,,
290544.59210562706,20.0,0.0005861339017034572,313.33017727623513,0.0001465334754258643,78.33254431905878,/home/torben/LRZ Sync+Share/0_TUM/10_Coding/0_publications/11_retarders_aleks/data/calo_data/JAA_CAL371.csv,JAA_CAL371,,,
291411.11359000206,20.0,0.0006173082146758008,313.8515295580376,0.0001543270536689502,78.4628823895094,/home/torben/LRZ Sync+Share/0_TUM/10_Coding/0_publications/11_retarders_aleks/data/calo_data/JAA_CAL371.csv,JAA_CAL371,,,
292166.01984000206,20.0,0.000644625620954613,314.32748831329053,0.00016115640523865326,78.58187207832263,/home/torben/LRZ Sync+Share/0_TUM/10_Coding/0_publications/11_retarders_aleks/data/calo_data/JAA_CAL371.csv,JAA_CAL371,,,
293029.6111485958,20.0,0.0006767691098117896,314.8975485255874,0.0001691922774529474,78.72438713139685,/home/torben/LRZ Sync+Share/0_TUM/10_Coding/0_publications/11_retarders_aleks/data/calo_data/JAA_CAL371.csv,JAA_CAL371,,,
294518.76202750206,20.0,0.0007388902541134016,315.95054395014,0.0001847225635283504,78.987635987535,/home/torben/LRZ Sync+Share/0_TUM/10_Coding/0_publications/11_retarders_aleks/data/calo_data/JAA_CAL371.csv,JAA_CAL371,,,
295472.71417593956,20.0,0.0007826973622584434,316.6761681238165,0.00019567434056461084,79.16904203095413,/home/torben/LRZ Sync+Share/0_TUM/10_Coding/0_publications/11_retarders_aleks/data/calo_data/JAA_CAL371.csv,JAA_CAL371,,,
298006.3824956417,20.0,0.0009120310940822523,318.8188129959476,0.00022800777352056307,79.7047032489869,/home/torben/LRZ Sync+Share/0_TUM/10_Coding/0_publications/11_retarders_aleks/data/calo_data/JAA_CAL371.csv,JAA_CAL371,,,
298813.57062125206,20.0,0.0009584412389776804,319.57377701731895,0.0002396103097444201,79.89344425432974,/home/torben/LRZ Sync+Share/0_TUM/10_Coding/0_publications/11_retarders_aleks/data/calo_data/JAA_CAL371.csv,JAA_CAL371,,,
299489.9771153927,20.0,0.0009988770680556295,320.23556212182694,0.0002497192670139074,80.05889053045674,/home/torben/LRZ Sync+Share/0_TUM/10_Coding/0_publications/11_retarders_aleks/data/calo_data/JAA_CAL371.csv,JAA_CAL371,,,
300580.3679845333,20.0,0.001067567115048457,321.36195024346284,0.00026689177876211426,80.34048756086571,/home/torben/LRZ Sync+Share/0_TUM/10_Coding/0_publications/11_retarders_aleks/data/calo_data/JAA_CAL371.csv,JAA_CAL371,,,
302107.09015250206,20.0,0.0011753610635875122,323.07289906138095,0.00029384026589687805,80.76822476534524,/home/torben/LRZ Sync+Share/0_TUM/10_Coding/0_publications/11_retarders_aleks/data/calo_data/JAA_CAL371.csv,JAA_CAL371,,,
303307.95050406456,20.0,0.001265760412483856,324.53804665712653,0.000316440103120964,81.13451166428163,/home/torben/LRZ Sync+Share/0_TUM/10_Coding/0_publications/11_retarders_aleks/data/calo_data/JAA_CAL371.csv,JAA_CAL371,,,
304049.55737662315,20.0,0.0013255022526839722,325.4988000653726,0.00033137556317099304,81.37470001634316,/home/torben/LRZ Sync+Share/0_TUM/10_Coding/0_publications/11_retarders_aleks/data/calo_data/JAA_CAL371.csv,JAA_CAL371,,,
304903.20734000206,20.0,0.0013973848148187483,326.66042210366925,0.00034934620370468707,81.66510552591731,/home/torben/LRZ Sync+Share/0_TUM/10_Coding/0_publications/11_retarders_aleks/data/calo_data/JAA_CAL371.csv,JAA_CAL371,,,
305884.55890250206,20.0,0.0014841549553425155,328.07368580616213,0.0003710387388356289,82.01842145154053,/home/torben/LRZ Sync+Share/0_TUM/10_Coding/0_publications/11_retarders_aleks/data/calo_data/JAA_CAL371.csv,JAA_CAL371,,,
306938.7465245724,20.0,0.0015825930123628527,329.6897397125703,0.00039564825309071317,82.42243492814258,/home/torben/LRZ Sync+Share/0_TUM/10_Coding/0_publications/11_retarders_aleks/data/calo_data/JAA_CAL371.csv,JAA_CAL371,,,
307527.5707433224,20.0,0.0016404727170263587,330.6385282526598,0.00041011817925658967,82.65963206316495,/home/torben/LRZ Sync+Share/0_TUM/10_Coding/0_publications/11_retarders_aleks/data/calo_data/JAA_CAL371.csv,JAA_CAL371,,,
308308.2846868038,20.0,0.0017194640543899565,331.9498852850713,0.0004298660135974891,82.98747132126782,/home/torben/LRZ Sync+Share/0_TUM/10_Coding/0_publications/11_retarders_aleks/data/calo_data/JAA_CAL371.csv,JAA_CAL371,,,
309086.48859000206,20.0,0.0018025806522732652,333.32007990143586,0.0004506451630683163,83.33001997535897,/home/torben/LRZ Sync+Share/0_TUM/10_Coding/0_publications/11_retarders_aleks/data/calo_data/JAA_CAL371.csv,JAA_CAL371,,,
310069.63287711143,20.0,0.001910695306410226,335.1444951950982,0.0004776738266025565,83.78612379877455,/home/torben/LRZ Sync+Share/0_TUM/10_Coding/0_publications/11_retarders_aleks/data/calo_data/JAA_CAL371.csv,JAA_CAL371,,,
311022.87530875206,20.0,0.002019953442887726,337.0174457356647,0.0005049883607219315,84.25436143391617,/home/torben/LRZ Sync+Share/0_TUM/10_Coding/0_publications/11_retarders_aleks/data/calo_data/JAA_CAL371.csv,JAA_CAL371,,,
311885.06256461143,20.0,0.002122427591372643,338.80308837914924,0.0005306068978431608,84.70077209478731,/home/torben/LRZ Sync+Share/0_TUM/10_Coding/0_publications/11_retarders_aleks/data/calo_data/JAA_CAL371.csv,JAA_CAL371,,,
312440.86554312706,20.0,0.002190973985209962,340.0017638833901,0.0005477434963024905,85.00044097084752,/home/torben/LRZ Sync+Share/0_TUM/10_Coding/0_publications/11_retarders_aleks/data/calo_data/JAA_CAL371.csv,JAA_CAL371,,,
313297.16534781456,20.0,0.0022988211371678265,341.92401401217836,0.0005747052842919566,85.48100350304459,/home/torben/LRZ Sync+Share/0_TUM/10_Coding/0_publications/11_retarders_aleks/data/calo_data/JAA_CAL371.csv,JAA_CAL371,,,
313998.28351187706,20.0,0.002389122140483174,343.56746218759076,0.0005972805351207935,85.89186554689769,/home/torben/LRZ Sync+Share/0_TUM/10_Coding/0_publications/11_retarders_aleks/data/calo_data/JAA_CAL371.csv,JAA_CAL371,,,
315025.09015250206,20.0,0.0025265747577888718,346.09064188047796,0.0006316436894472179,86.52266047011949,/home/torben/LRZ Sync+Share/0_TUM/10_Coding/0_publications/11_retarders_aleks/data/calo_data/JAA_CAL371.csv,JAA_CAL371,,,
316318.92609000206,20.0,0.002704786012251315,349.4740841657952,0.0006761965030628287,87.3685210414488,/home/torben/LRZ Sync+Share/0_TUM/10_Coding/0_publications/11_retarders_aleks/data/calo_data/JAA_CAL371.csv,JAA_CAL371,,,
318173.17609000206,20.0,0.0029671471595755935,354.73133474043186,0.0007417867898938984,88.68283368510797,/home/torben/LRZ Sync+Share/0_TUM/10_Coding/0_publications/11_retarders_aleks/data/calo_data/JAA_CAL371.csv,JAA_CAL371,,,
319218.63287711143,20.0,0.003118997907406914,357.9123688004746,0.0007797494768517285,89.47809220011865,/home/torben/LRZ Sync+Share/0_TUM/10_Coding/0_publications/11_retarders_aleks/data/calo_data/JAA_CAL371.csv,JAA_CAL371,,,
320891.81671500206,20.0,0.003363160917162423,363.33558233479994,0.0008407902292906057,90.83389558369998,/home/torben/LRZ Sync+Share/0_TUM/10_Coding/0_publications/11_retarders_aleks/data/calo_data/JAA_CAL371.csv,JAA_CAL371,,,
322584.11359000206,20.0,0.0036128017841614486,369.2387695101942,0.0009032004460403621,92.30969237754854,/home/torben/LRZ Sync+Share/0_TUM/10_Coding/0_publications/11_retarders_aleks/data/calo_data/JAA_CAL371.csv,JAA_CAL371,,,
323996.3728673458,20.0,0.003818834819762108,374.48620926408165,0.000954708704940527,93.62155231602041,/home/torben/LRZ Sync+Share/0_TUM/10_Coding/0_publications/11_retarders_aleks/data/calo_data/JAA_CAL371.csv,JAA_CAL371,,,
325398.9008214474,20.0,0.004020517042472656,379.98386114748257,0.001005129260618164,94.99596528687064,/home/torben/LRZ Sync+Share/0_TUM/10_Coding/0_publications/11_retarders_aleks/data/calo_data/JAA_CAL371.csv,JAA_CAL371,,,
325977.15460562706,20.0,0.004101785682663395,382.33225384872173,0.0010254464206658487,95.58306346218043,/home/torben/LRZ Sync+Share/0_TUM/10_Coding/0_publications/11_retarders_aleks/data/calo_data/JAA_CAL371.csv,JAA_CAL371,,,
326856.45343375206,20.0,0.004222873246294822,385.9925531778451,0.0010557183115737054,96.49813829446127,/home/torben/LRZ Sync+Share/0_TUM/10_Coding/0_publications/11_retarders_aleks/data/calo_data/JAA_CAL371.csv,JAA_CAL371,,,
327886.67706656456,20.0,0.0043602897407616255,390.4139298994572,0.0010900724351904064,97.6034824748643,/home/torben/LRZ Sync+Share/0_TUM/10_Coding/0_publications/11_retarders_aleks/data/calo_data/JAA_CAL371.csv,JAA_CAL371,,,
328762.23859000206,20.0,0.00447145268281017,394.2804374632072,0.0011178631707025426,98.5701093658018,/home/torben/LRZ Sync+Share/0_TUM/10_Coding/0_publications/11_retarders_aleks/data/calo_data/JAA_CAL371.csv,JAA_CAL371,,,
329517.26593375206,20.0,0.004563586209388373,397.69132820920106,0.0011408965523470932,99.42283205230027,/home/torben/LRZ Sync+Share/0_TUM/10_Coding/0_publications/11_retarders_aleks/data/calo_data/JAA_CAL371.csv,JAA_CAL371,,,
329919.2420079708,20.0,0.004611237621813668,399.5354395478522,0.001152809405453417,99.88385988696305,/home/torben/LRZ Sync+Share/0_TUM/10_Coding/0_publications/11_retarders_aleks/data/calo_data/JAA_CAL371.csv,JAA_CAL371,,,
330807.17682242393,20.0,0.004713706359561757,403.6759890117327,0.0011784265898904392,100.91899725293318,/home/torben/LRZ Sync+Share/0_TUM/10_Coding/0_publications/11_retarders_aleks/data/calo_data/JAA_CAL371.csv,JAA_CAL371,,,
331708.9315831661,20.0,0.004811903135150426,407.9715275165654,0.0012029757837876064,101.99288187914135,/home/torben/LRZ Sync+Share/0_TUM/10_Coding/0_publications/11_retarders_aleks/data/calo_data/JAA_CAL371.csv,JAA_CAL371,,,
332411.98761343956,20.0,0.0048849238193383075,411.380699197712,0.0012212309548345769,102.845174799428,/home/torben/LRZ Sync+Share/0_TUM/10_Coding/0_publications/11_retarders_aleks/data/calo_data/JAA_CAL371.csv,JAA_CAL371,,,
332910.5320470333,20.0,0.0049345453190168245,413.82859065068897,0.0012336363297542061,103.45714766267224,/home/torben/LRZ Sync+Share/0_TUM/10_Coding/0_publications/11_retarders_aleks/data/calo_data/JAA_CAL371.csv,JAA_CAL371,,,
333444.59015250206,20.0,0.004986537085584531,416.4779479474717,0.0012466342713961327,104.11948698686793,/home/torben/LRZ Sync+Share/0_TUM/10_Coding/0_publications/11_retarders_aleks/data/calo_data/JAA_CAL371.csv,JAA_CAL371,,,
334135.30890250206,20.0,0.005049553205300539,419.9441979012398,0.0012623883013251347,104.98604947530995,/home/torben/LRZ Sync+Share/0_TUM/10_Coding/0_publications/11_retarders_aleks/data/calo_data/JAA_CAL371.csv,JAA_CAL371,,,
334856.83624625206,20.0,0.005112835741246987,423.6105643845616,0.0012782089353117468,105.9026410961404,/home/torben/LRZ Sync+Share/0_TUM/10_Coding/0_publications/11_retarders_aleks/data/calo_data/JAA_CAL371.csv,JAA_CAL371,,,
335622.8395116329,20.0,0.005174204124438277,427.55046111742456,0.0012935510311095693,106.88761527935614,/home/torben/LRZ Sync+Share/0_TUM/10_Coding/0_publications/11_retarders_aleks/data/calo_data/JAA_CAL371.csv,JAA_CAL371,,,
336191.29791617393,20.0,0.005216287664070734,430.50385786605233,0.0013040719160176835,107.62596446651308,/home/torben/LRZ Sync+Share/0_TUM/10_Coding/0_publications/11_retarders_aleks/data/calo_data/JAA_CAL371.csv,JAA_CAL371,,,
336609.44562125206,20.0,0.005246604318741335,432.69150778756597,0.0013116510796853337,108.17287694689149,/home/torben/LRZ Sync+Share/0_TUM/10_Coding/0_publications/11_retarders_aleks/data/calo_data/JAA_CAL371.csv,JAA_CAL371,,,
337197.14874625206,20.0,0.005286627980676128,435.78680464653456,0.001321656995169032,108.94670116163364,/home/torben/LRZ Sync+Share/0_TUM/10_Coding/0_publications/11_retarders_aleks/data/calo_data/JAA_CAL371.csv,JAA_CAL371,,,
338009.98859000206,20.0,0.005337652251068332,440.10483176815825,0.001334413062767083,110.02620794203956,/home/torben/LRZ Sync+Share/0_TUM/10_Coding/0_publications/11_retarders_aleks/data/calo_data/JAA_CAL371.csv,JAA_CAL371,,,
339056.92761588097,20.0,0.00539590680640517,445.72425333283286,0.0013489767016012925,111.43106333320821,/home/torben/LRZ Sync+Share/0_TUM/10_Coding/0_publications/11_retarders_aleks/data/calo_data/JAA_CAL371.csv,JAA_CAL371,,,
339679.17877554893,20.0,0.005425685716188875,449.09130073523113,0.0013564214290472188,112.27282518380778,/home/torben/LRZ Sync+Share/0_TUM/10_Coding/0_publications/11_retarders_aleks/data/calo_data/JAA_CAL371.csv,JAA_CAL371,,,
340670.1560704708,20.0,0.005465983328990186,454.48853914225907,0.0013664958322475464,113.62213478556477,/home/torben/LRZ Sync+Share/0_TUM/10_Coding/0_publications/11_retarders_aleks/data/calo_data/JAA_CAL371.csv,JAA_CAL371,,,
341180.75616812706,20.0,0.005485191194258796,457.2845383301081,0.001371297798564699,114.32113458252702,/home/torben/LRZ Sync+Share/0_TUM/10_Coding/0_publications/11_retarders_aleks/data/calo_data/JAA_CAL371.csv,JAA_CAL371,,,
342619.64036917686,20.0,0.005528722492830637,465.20980742665364,0.0013821806232076593,116.30245185666341,/home/torben/LRZ Sync+Share/0_TUM/10_Coding/0_publications/11_retarders_aleks/data/calo_data/JAA_CAL371.csv,JAA_CAL371,,,
343756.20457816124,20.0,0.0055519389870148615,471.5075338930188,0.0013879847467537154,117.8768834732547,/home/torben/LRZ Sync+Share/0_TUM/10_Coding/0_publications/11_retarders_aleks/data/calo_data/JAA_CAL371.csv,JAA_CAL371,,,
344766.34796500206,20.0,0.005565676551857416,477.12345499056863,0.001391419137964354,119.28086374764216,/home/torben/LRZ Sync+Share/0_TUM/10_Coding/0_publications/11_retarders_aleks/data/calo_data/JAA_CAL371.csv,JAA_CAL371,,,
